exp,label,seed,n_train_cx,n_train_pairs,tau,top1,train_acc,val_acc,best_val_acc,best_epoch,overfit_gap,tau_ss_class_HELIX,top1_ss_class_HELIX,tau_ss_class_SHEET,top1_ss_class_SHEET,tau_ss_class_UNUSUAL,top1_ss_class_UNUSUAL,tau_length_bucket_long,top1_length_bucket_long,tau_length_bucket_medium,top1_length_bucket_medium,tau_length_bucket_short,top1_length_bucket_short,tau_length_bucket_very_long,top1_length_bucket_very_long
A_data_scaling,frac=0.25,3,51,9690,0.239766081871345,4.111391666666666,0.7494999766349792,0.6198830604553223,0.6198830604553223,12,0.12961691617965698,,,,,,,,,,,,,,
A_data_scaling,frac=0.25,0,51,9690,0.17719298245614035,4.1580916666666665,0.7590000033378601,0.5885964632034302,0.5885964632034302,12,0.17040354013442993,,,,,,,,,,,,,,
A_data_scaling,frac=0.25,4,51,9690,0.20906432748538012,4.197841666666666,0.8274999856948853,0.6045321822166443,0.6045321822166443,15,0.22296780347824097,,,,,,,,,,,,,,
A_data_scaling,frac=0.25,2,51,9688,0.1865497076023392,4.282330555555556,0.6809999942779541,0.5932748317718506,0.5932748317718506,4,0.08772516250610352,,,,,,,,,,,,,,
A_data_scaling,frac=0.25,1,51,9689,0.21432748538011698,4.204991666666667,0.7540000081062317,0.6071637272834778,0.6071637272834778,14,0.1468362808227539,,,,,,,,,,,,,,
A_data_scaling,frac=0.50,2,102,19378,0.1915204678362573,4.434980555555555,0.7570000290870667,0.5957602262496948,0.5957602262496948,6,0.16123980283737183,,,,,,,,,,,,,,
A_data_scaling,frac=0.50,1,102,19379,0.23333333333333328,4.291980555555555,0.6865000128746033,0.6166666746139526,0.6166666746139526,5,0.06983333826065063,,,,,,,,,,,,,,
A_data_scaling,frac=0.50,0,102,19379,0.25146198830409355,4.103816666666666,0.7099999785423279,0.6257309913635254,0.6257309913635254,6,0.08426898717880249,,,,,,,,,,,,,,
A_data_scaling,frac=0.50,3,102,19379,0.22076023391812866,4.270313888888889,0.8399999737739563,0.6103801131248474,0.6103801131248474,41,0.2296198606491089,,,,,,,,,,,,,,
A_data_scaling,frac=0.50,4,102,19378,0.27222222222222225,4.158847222222223,0.7590000033378601,0.6361111402511597,0.6361111402511597,8,0.12288886308670044,,,,,,,,,,,,,,
A_data_scaling,frac=0.75,0,153,29068,0.23479532163742695,4.337308333333333,0.7024999856948853,0.617397665977478,0.617397665977478,5,0.08510231971740723,,,,,,,,,,,,,,
A_data_scaling,frac=0.75,1,153,29067,0.2789473684210526,4.134841666666666,0.7269999980926514,0.6394736766815186,0.6394736766815186,7,0.08752632141113281,,,,,,,,,,,,,,
A_data_scaling,frac=0.75,2,153,29068,0.23888888888888887,4.057041666666667,0.7145000100135803,0.6194444298744202,0.6194444298744202,3,0.09505558013916016,,,,,,,,,,,,,,
B_vary_complexes,n_cx=30_fixed_pairs,0,30,1980,0.14210526315789476,4.350130555555555,0.6373737454414368,0.571052610874176,0.571052610874176,7,0.06632113456726074,,,,,,,,,,,,,,
B_vary_complexes,n_cx=30_fixed_pairs,1,30,1980,0.1921052631578947,4.259444444444444,0.6176767945289612,0.5960526466369629,0.5960526466369629,10,0.02162414789199829,,,,,,,,,,,,,,
A_data_scaling,frac=0.75,3,153,29068,0.24590643274853796,4.153691666666666,0.7264999747276306,0.6229532361030579,0.6229532361030579,8,0.10354673862457275,,,,,,,,,,,,,,
A_data_scaling,frac=0.75,4,153,29067,0.27660818713450297,4.090822222222221,0.7434999942779541,0.6383041143417358,0.6383041143417358,5,0.10519587993621826,,,,,,,,,,,,,,
B_vary_complexes,n_cx=30_fixed_pairs,2,30,1980,0.20847953216374268,4.172119444444444,0.8040404319763184,0.6042397618293762,0.6042397618293762,48,0.19980067014694214,,,,,,,,,,,,,,
B_vary_complexes,n_cx=30_fixed_pairs,3,30,1980,0.20935672514619885,4.201383333333333,0.7565656304359436,0.6046783328056335,0.6046783328056335,35,0.15188729763031006,,,,,,,,,,,,,,
B_vary_complexes,n_cx=30_fixed_pairs,4,30,1980,0.14035087719298248,4.250994444444444,0.810606062412262,0.5701754093170166,0.5701754093170166,47,0.24043065309524536,,,,,,,,,,,,,,
B_vary_complexes,n_cx=60_fixed_pairs,0,60,1980,0.19707602339181288,4.03141111111111,0.7904040217399597,0.5985380411148071,0.5985380411148071,49,0.1918659806251526,,,,,,,,,,,,,,
B_vary_complexes,n_cx=60_fixed_pairs,1,60,1980,0.2011695906432748,4.321819444444444,0.699999988079071,0.6005848050117493,0.6005848050117493,29,0.09941518306732178,,,,,,,,,,,,,,
B_vary_complexes,n_cx=60_fixed_pairs,2,60,1980,0.19269005847953216,4.2894,0.5510100722312927,0.5963450074195862,0.5963450074195862,2,-0.04533493518829346,,,,,,,,,,,,,,
B_vary_complexes,n_cx=60_fixed_pairs,3,60,1980,0.24941520467836253,4.026222222222222,0.7696969509124756,0.6247075796127319,0.6247075796127319,47,0.14498937129974365,,,,,,,,,,,,,,
B_vary_complexes,n_cx=60_fixed_pairs,4,60,1980,0.14912280701754382,4.348977777777778,0.5732323527336121,0.5745614171028137,0.5745614171028137,3,-0.0013290643692016602,,,,,,,,,,,,,,
B_vary_complexes,n_cx=120_fixed_pairs,0,120,1920,0.25,4.045197222222222,0.7052083611488342,0.625,0.625,41,0.08020836114883423,,,,,,,,,,,,,,
A_data_scaling,frac=1.00,0,204,38757,0.302046783625731,3.9533638888888882,0.8364999890327454,0.6510233879089355,0.6510233879089355,48,0.18547660112380981,,,,,,,,,,,,,,
B_vary_complexes,n_cx=120_fixed_pairs,1,120,1920,0.23625730994152047,4.318702777777777,0.7239583134651184,0.6181286573410034,0.6181286573410034,45,0.10582965612411499,,,,,,,,,,,,,,
B_vary_complexes,n_cx=120_fixed_pairs,2,120,1920,0.1915204678362573,4.180624999999999,0.7203124761581421,0.5957602262496948,0.5957602262496948,46,0.12455224990844727,,,,,,,,,,,,,,
B_vary_complexes,n_cx=120_fixed_pairs,3,120,1920,0.22017543859649125,4.094413888888889,0.7541666626930237,0.6100876927375793,0.6100876927375793,46,0.14407896995544434,,,,,,,,,,,,,,
B_vary_complexes,n_cx=120_fixed_pairs,4,120,1920,0.22017543859649125,4.239902777777778,0.734375,0.6100876927375793,0.6100876927375793,49,0.12428730726242065,,,,,,,,,,,,,,
B_vary_complexes,n_cx=204_fixed_pairs,0,204,1836,0.22660818713450295,4.269541666666665,0.6737473011016846,0.613304078578949,0.613304078578949,46,0.060443222522735596,,,,,,,,,,,,,,
B_vary_complexes,n_cx=204_fixed_pairs,1,204,1836,0.2105263157894737,4.204083333333333,0.7053377032279968,0.6052631735801697,0.6052631735801697,48,0.10007452964782715,,,,,,,,,,,,,,
B_vary_complexes,n_cx=204_fixed_pairs,2,204,1836,0.22748538011695907,4.049758333333333,0.7151415944099426,0.6137427091598511,0.6137427091598511,44,0.10139888525009155,,,,,,,,,,,,,,
B_vary_complexes,n_cx=204_fixed_pairs,3,204,1836,0.2,4.2765249999999995,0.6830065250396729,0.6000000238418579,0.6000000238418579,49,0.08300650119781494,,,,,,,,,,,,,,
B_vary_complexes,n_cx=204_fixed_pairs,4,204,1836,0.14532163742690057,4.2753,0.6160130500793457,0.5726608037948608,0.5726608037948608,10,0.04335224628448486,,,,,,,,,,,,,,
B_vary_pairs,ppx=1_fixed_cx,0,60,60,0.1219298245614035,4.374669444444443,0.6333333253860474,0.5609649419784546,0.5609649419784546,49,0.07236838340759277,,,,,,,,,,,,,,
B_vary_pairs,ppx=1_fixed_cx,1,60,60,0.1821637426900585,4.203233333333333,0.699999988079071,0.5910818576812744,0.5910818576812744,15,0.10891813039779663,,,,,,,,,,,,,,
B_vary_pairs,ppx=1_fixed_cx,3,60,60,0.10789473684210527,4.339730555555555,0.8166666626930237,0.553947389125824,0.553947389125824,18,0.2627192735671997,,,,,,,,,,,,,,
B_vary_pairs,ppx=1_fixed_cx,2,60,60,0.12017543859649121,4.382449999999999,0.5833333134651184,0.5600877404212952,0.5600877404212952,13,0.023245573043823242,,,,,,,,,,,,,,
B_vary_pairs,ppx=1_fixed_cx,4,60,60,0.07953216374269007,4.098908333333331,0.5666666626930237,0.5397660732269287,0.5397660732269287,44,0.02690058946609497,,,,,,,,,,,,,,
B_vary_pairs,ppx=5_fixed_cx,0,60,300,0.15350877192982457,4.375052777777778,0.6299999952316284,0.5767543911933899,0.5767543911933899,28,0.053245604038238525,,,,,,,,,,,,,,
B_vary_pairs,ppx=5_fixed_cx,1,60,300,0.17222222222222225,4.328363888888889,0.6700000166893005,0.5861111283302307,0.5861111283302307,44,0.08388888835906982,,,,,,,,,,,,,,
B_vary_pairs,ppx=5_fixed_cx,2,60,300,0.16842105263157894,4.185758333333332,0.5766666531562805,0.5842105150222778,0.5842105150222778,7,-0.0075438618659973145,,,,,,,,,,,,,,
B_vary_pairs,ppx=5_fixed_cx,3,60,300,0.14532163742690057,4.311958333333333,0.6766666769981384,0.5726608037948608,0.5726608037948608,49,0.10400587320327759,,,,,,,,,,,,,,
B_vary_pairs,ppx=5_fixed_cx,4,60,300,0.11812865497076024,4.1975999999999996,0.6433333158493042,0.5590643286705017,0.5590643286705017,49,0.08426898717880249,,,,,,,,,,,,,,
A_data_scaling,frac=1.00,2,204,38757,0.27222222222222225,4.1970472222222215,0.7739999890327454,0.6361111402511597,0.6361111402511597,7,0.1378888487815857,,,,,,,,,,,,,,
A_data_scaling,frac=1.00,1,204,38757,0.25906432748538016,4.082491666666666,0.6395000219345093,0.6295321583747864,0.6295321583747864,3,0.0099678635597229,,,,,,,,,,,,,,
B_vary_pairs,ppx=20_fixed_cx,0,60,1200,0.18801169590643274,4.318813888888888,0.7433333396911621,0.594005823135376,0.594005823135376,45,0.14932751655578613,,,,,,,,,,,,,,
B_vary_pairs,ppx=20_fixed_cx,1,60,1200,0.22046783625730992,4.091241666666665,0.7724999785423279,0.6102339029312134,0.6102339029312134,44,0.1622660756111145,,,,,,,,,,,,,,
B_vary_pairs,ppx=20_fixed_cx,2,60,1200,0.16871345029239768,4.425763888888888,0.7174999713897705,0.5843567252159119,0.5843567252159119,48,0.13314324617385864,,,,,,,,,,,,,,
B_vary_pairs,ppx=20_fixed_cx,3,60,1200,0.2038011695906433,4.412983333333333,0.75,0.601900577545166,0.601900577545166,48,0.14809942245483398,,,,,,,,,,,,,,
B_vary_pairs,ppx=20_fixed_cx,4,60,1200,0.1888888888888889,4.21336111111111,0.6991666555404663,0.5944444537162781,0.5944444537162781,39,0.10472220182418823,,,,,,,,,,,,,,
A_data_scaling,frac=1.00,3,204,38757,0.268421052631579,4.249516666666667,0.690500020980835,0.6342105269432068,0.6342105269432068,4,0.056289494037628174,,,,,,,,,,,,,,
A_data_scaling,frac=1.00,4,204,38757,0.24005847953216378,4.194644444444445,0.7860000133514404,0.6200292110443115,0.6200292110443115,8,0.1659708023071289,,,,,,,,,,,,,,
B_vary_pairs,ppx=None_fixed_cx,0,60,11398,0.17309941520467836,4.300536111111111,0.5864999890327454,0.586549699306488,0.586549699306488,1,-4.971027374267578e-05,,,,,,,,,,,,,,
B_vary_pairs,ppx=None_fixed_cx,1,60,11398,0.19356725146198828,4.262736111111111,0.6710000038146973,0.5967836380004883,0.5967836380004883,3,0.07421636581420898,,,,,,,,,,,,,,
B_vary_pairs,ppx=None_fixed_cx,2,60,11398,0.21695906432748535,4.233719444444444,0.8700000047683716,0.6084795594215393,0.6084795594215393,43,0.2615204453468323,,,,,,,,,,,,,,
B_vary_pairs,ppx=None_fixed_cx,3,60,11398,0.18567251461988304,4.263736111111111,0.6474999785423279,0.5928362607955933,0.5928362607955933,3,0.05466371774673462,,,,,,,,,,,,,,
B_vary_pairs,ppx=None_fixed_cx,4,60,11398,0.19035087719298247,4.360102777777778,0.7204999923706055,0.5951754450798035,0.5951754450798035,7,0.125324547290802,,,,,,,,,,,,,,
C_specialists,short,0,53,10068,0.09385964912280702,4.753819444444444,0.7940000295639038,0.5469298362731934,0.5469298362731934,15,0.24707019329071045,0.17105263157894737,3.8506833333333326,0.10047846889952151,4.586799999999999,0.017004048582995954,5.728807692307693,0.03421052631578948,5.398149999999999,0.3070175438596491,3.1877333333333335,0.0225563909774436,3.2661857142857147,-0.08187134502923976,7.426244444444445
C_specialists,short,2,53,10068,0.06345029239766081,4.426697222222223,0.8634999990463257,0.5317251682281494,0.5317251682281494,40,0.33177483081817627,0.08157894736842106,4.018733333333333,0.07272727272727274,4.157327272727272,0.03886639676113361,5.031207692307692,-0.01447368421052632,5.7449,0.19385964912280704,3.0069916666666665,-0.027067669172932327,3.620085714285714,0.029239766081871336,5.775266666666667
C_specialists,short,1,53,10068,0.08421052631578946,4.552174999999999,0.8339999914169312,0.5421052575111389,0.5421052575111389,27,0.29189473390579224,0.06491228070175438,3.9698166666666665,0.17799043062200956,4.113099999999999,0.02267206477732792,5.461261538461538,0.028947368421052617,5.3231625000000005,0.21228070175438596,3.197858333333333,0.01804511278195489,3.3500142857142854,0.01403508771929824,6.607622222222222
C_specialists,medium,0,48,9120,0.18304093567251462,4.177991666666666,0.753000020980835,0.5915204882621765,0.5915204882621765,11,0.16147953271865845,0.20701754385964913,3.796958333333333,0.17129186602870813,4.055336363636363,0.1708502024291498,4.6335,0.05263157894736842,4.90315,0.35701754385964907,2.9345,0.0736842105263158,3.2491857142857143,0.15204678362573099,5.913799999999999
C_specialists,short,3,53,10068,0.1125730994152047,4.473855555555556,0.7914999723434448,0.5562865734100342,0.5562865734100342,13,0.23521339893341064,0.15350877192982457,4.056408333333334,0.19999999999999998,3.932445454545454,0.0008097165991902816,5.3173076923076925,-0.007894736842105274,5.4483,0.29385964912280704,3.1100999999999996,0.10977443609022557,3.4248714285714286,-0.019883040935672516,6.2419
C_specialists,short,4,53,10068,0.04269005847953216,4.553783333333332,0.5730000138282776,0.5213450193405151,0.5213450193405151,1,0.05165499448776245,0.15789473684210528,3.79265,-0.042105263157894736,3.804136363636364,0.008097165991902827,5.890684615384615,0.021052631578947364,5.2975125,0.12192982456140351,3.145125,-0.030075187969924814,3.192128571428572,0.012865497076023392,6.829966666666667
C_specialists,global,0,204,38757,0.26900584795321636,4.315741666666666,0.8259999752044678,0.6345029473304749,0.6345029473304749,20,0.19149702787399292,0.2219298245614035,3.9304583333333327,0.23157894736842105,4.147127272727272,0.34412955465587053,4.814061538461539,0.2460526315789474,4.899125,0.3140350877192983,3.211358333333333,0.11729323308270677,3.4354428571428572,0.34736842105263155,5.954366666666667
C_specialists,medium,1,48,9120,0.14064327485380118,4.395199999999999,0.7524999976158142,0.5703216195106506,0.5703216195106506,8,0.18217837810516357,0.13421052631578947,3.748391666666666,0.10239234449760767,4.087118181818182,0.17894736842105263,5.252938461538461,0.055263157894736854,4.9782875,0.3219298245614035,2.975225,-0.0030075187969924983,3.167857142857143,0.08654970760233918,6.724799999999999
C_specialists,medium,2,48,9120,0.13947368421052633,4.4506499999999996,0.6190000176429749,0.5697368383407593,0.5697368383407593,3,0.049263179302215576,0.0605263157894737,4.030616666666666,0.11004784688995213,4.650754545454546,0.23724696356275304,4.669053846153846,0.06710526315789474,5.292675000000001,0.21666666666666667,3.2383249999999997,1.586032892321652e-17,3.560628571428572,0.20935672514619885,6.010855555555556
C_specialists,medium,3,48,9120,0.15380116959064327,4.369674999999999,0.6029999852180481,0.5769006013870239,0.5769006013870239,2,0.02609938383102417,0.0043859649122807084,4.074783333333333,0.1511961722488038,4.347472727272727,0.293927125506073,4.660669230769231,0.09868421052631579,5.4318875,0.1780701754385965,3.104808333333333,0.022556390977443608,3.278757142857143,0.27251461988304093,5.960466666666666
C_specialists,global,1,204,38757,0.2590643274853801,4.378225,0.765500009059906,0.6295321583747864,0.6295321583747864,5,0.13596785068511963,0.22280701754385965,3.767641666666666,0.24784688995215315,4.499109090909091,0.3020242914979757,4.839553846153846,0.16052631578947368,5.115775,0.39999999999999997,2.9583583333333334,0.028571428571428564,3.474528571428571,0.3380116959064327,6.318655555555555
C_specialists,global,2,204,38757,0.2736842105263158,4.173636111111111,0.8370000123977661,0.6368421316146851,0.6368421316146851,45,0.20015788078308105,0.21315789473684213,3.9839583333333333,0.24019138755980868,3.7861636363636366,0.3578947368421054,4.676584615384615,0.23157894736842105,4.65165,0.34561403508771926,3.3000666666666665,0.06015037593984962,3.4181142857142857,0.3812865497076024,5.5011222222222225
C_specialists,medium,4,48,9120,0.14795321637426903,4.3613277777777775,0.6290000081062317,0.5739766359329224,0.5739766359329224,3,0.055023372173309326,0.09999999999999998,3.912758333333334,0.10717703349282295,4.430718181818182,0.2267206477732794,4.716676923076923,0.047368421052631574,5.1893625000000005,0.22192982456140353,3.0445666666666664,0.012030075187969915,3.6292857142857144,0.24444444444444446,5.950344444444444
C_specialists,global,3,204,38757,0.2862573099415205,4.036894444444444,0.7639999985694885,0.6431286334991455,0.6431286334991455,6,0.12087136507034302,0.20614035087719298,3.6930833333333326,0.29569377990430623,3.407472727272727,0.35222672064777316,4.886846153846154,0.22631578947368425,4.729175,0.34912280701754383,3.018883333333333,0.07669172932330828,3.1675,0.41871345029239765,5.4550777777777775
C_specialists,global,4,204,38757,0.24795321637426898,4.267008333333333,0.7509999871253967,0.6239765882492065,0.6239765882492065,5,0.12702339887619019,0.17894736842105263,3.9316333333333326,0.22009569377990434,4.076818181818182,0.33522267206477735,4.737515384615385,0.19078947368421056,5.372087499999999,0.32192982456140345,3.1188,0.09323308270676692,3.332885714285714,0.3204678362573099,5.542199999999999
C_specialists,long,0,103,19569,0.23508771929824565,4.109783333333334,0.8009999990463257,0.6175438761711121,0.6175438761711121,15,0.18345612287521362,0.11052631578947368,3.9969,0.26889952153110047,3.8354818181818184,0.3214574898785425,4.446084615384616,0.18947368421052632,5.2027125000000005,0.27017543859649124,2.910341666666666,-0.006015037593984958,3.6841714285714287,0.41637426900584795,5.0685777777777785
C_specialists,long,1,103,19569,0.21666666666666667,4.102338888888889,0.7900000214576721,0.6083333492279053,0.6083333492279053,18,0.18166667222976685,0.07105263157894738,3.7935,0.21339712918660284,4.040872727272727,0.35384615384615387,4.4394307692307695,0.15657894736842104,4.786875,0.23157894736842108,2.887933333333333,0.04812030075187971,3.585442857142857,0.38128654970760234,5.5151
C_specialists,long,2,103,19569,0.19239766081871343,4.383058333333333,0.8169999718666077,0.5961988568305969,0.5961988568305969,31,0.22080111503601074,0.04298245614035088,4.2348333333333334,0.22392344497607655,4.174845454545454,0.3036437246963563,4.696061538461539,0.1907894736842105,5.398137500000001,0.1605263157894737,3.1323250000000002,0.018045112781954892,3.304714285714286,0.3719298245614035,5.987122222222222
C_specialists,long,3,103,19569,0.2192982456140351,4.0779805555555555,0.8025000095367432,0.609649121761322,0.609649121761322,21,0.19285088777542114,0.0736842105263158,3.839333333333333,0.24593301435406698,3.9466727272727273,0.3311740890688259,4.409376923076923,0.19473684210526315,4.7748,0.20964912280701756,2.906425,-0.01954887218045113,3.736857142857143,0.439766081871345,5.285977777777777
C_specialists,long,4,103,19569,0.22046783625730992,4.346366666666666,0.8420000076293945,0.6102339029312134,0.6102339029312134,44,0.23176610469818115,0.12807017543859647,4.166166666666666,0.18851674641148322,4.306390909090909,0.33279352226720643,4.5465307692307695,0.24473684210526317,5.0978125,0.22017543859649125,3.1822749999999993,0.060150375939849614,3.578257142857143,0.3239766081871345,5.8279555555555556
C_specialists,short_med,0,101,19188,0.1345029239766082,4.401736111111109,0.6029999852180481,0.567251443862915,0.567251443862915,0,0.03574854135513306,0.1368421052631579,3.7947916666666672,-0.045933014354066985,4.532309090909091,0.28502024291497974,4.851507692307693,0.06710526315789475,5.456075,0.19999999999999998,2.9286166666666666,-0.045112781954887216,3.4231571428571432,0.24678362573099413,6.189822222222222
C_specialists,short_med,2,101,19188,0.1260233918128655,4.290291666666666,0.6190000176429749,0.5630117058753967,0.5630117058753967,0,0.055988311767578125,0.14649122807017545,3.520058333333333,0.07559808612440191,4.46730909090909,0.14979757085020245,4.8514923076923075,0.08947368421052633,4.87255,0.22368421052631582,2.963266666666667,0.045112781954887216,3.254257142857143,0.0912280701754386,6.347899999999999
C_specialists,short_med,1,101,19188,0.13011695906432746,4.589974999999999,0.7315000295639038,0.5650584697723389,0.5650584697723389,10,0.16644155979156494,0.1692982456140351,4.110491666666666,0.09665071770334928,4.196572727272727,0.1222672064777328,5.365453846153846,-0.05263157894736842,5.5737875,0.36140350877192984,2.699258333333334,0.09924812030075188,3.430657142857143,0.008187134502923984,7.138122222222222
C_specialists,short_med,3,101,19188,0.09766081871345028,4.605613888888889,0.8059999942779541,0.5488303899765015,0.5488303899765015,17,0.25716960430145264,0.13508771929824562,4.301733333333334,0.18564593301435403,4.3256000000000006,-0.011336032388663965,5.123053846153846,-0.023684210526315797,5.9043375000000005,0.29035087719298247,3.033258333333334,0.06466165413533836,3.3053428571428576,-0.025730994152046778,6.558988888888888
C_specialists,short_med,4,101,19188,0.14941520467836258,4.212716666666667,0.5684999823570251,0.5747076272964478,0.5747076272964478,0,-0.006207644939422607,0.16842105263157894,3.5647250000000006,0.052631578947368404,4.477463636363637,0.2137651821862348,4.586846153846154,0.06842105263157894,5.226075,0.2771929824561404,2.887941666666667,-0.01203007518796993,3.312857142857143,0.1766081871345029,5.778211111111111
C_specialists,HELIX,0,68,12919,0.21666666666666667,4.209416666666666,0.7020000219345093,0.6083333492279053,0.6083333492279053,7,0.093666672706604,0.22631578947368425,3.82845,0.16937799043062202,3.6455181818181814,0.2477732793522267,5.038223076923076,0.15131578947368418,5.0289874999999995,0.29649122807017547,2.9018750000000004,0.09624060150375942,3.355014285714286,0.26198830409356727,5.888833333333334
C_specialists,med_long,0,151,28689,0.24444444444444446,4.248080555555555,0.824999988079071,0.6222222447395325,0.6222222447395325,33,0.20277774333953857,0.09210526315789473,4.105366666666666,0.24593301435406698,3.958390909090909,0.38380566801619437,4.624938461538462,0.2223684210526316,4.888475,0.3149122807017544,3.0687166666666665,0.013533834586466172,3.312742857142857,0.3497076023391813,5.978811111111112
C_specialists,med_long,1,151,28689,0.24678362573099408,4.290141666666667,0.8100000023841858,0.6233918070793152,0.6233918070793152,22,0.1866081953048706,0.09210526315789476,4.045766666666666,0.2401913875598086,4.3118181818181816,0.3951417004048583,4.497376923076923,0.1473684210526316,5.5482625,0.32280701754385965,3.129775,0.07518796992481203,3.4343000000000004,0.3672514619883041,5.384622222222223
C_specialists,med_long,2,151,28689,0.25847953216374264,4.038874999999999,0.8255000114440918,0.6292397379875183,0.6292397379875183,25,0.1962602734565735,0.09824561403508773,4.0104999999999995,0.26985645933014357,3.596372727272728,0.3967611336032389,4.439492307692308,0.19473684210526318,4.7338625,0.34649122807017546,3.2165166666666667,-0.03458646616541353,3.377157142857143,0.42573099415204685,5.0322555555555555
C_specialists,HELIX,1,68,12919,0.2002923976608187,4.0302694444444445,0.7254999876022339,0.6001461744308472,0.6001461744308472,9,0.12535381317138672,0.15263157894736842,3.775608333333333,0.21531100478468898,3.4919545454545453,0.23157894736842105,4.720838461538461,0.15657894736842107,4.900612499999999,0.21842105263157893,2.9207583333333336,0.05112781954887218,3.2605142857142857,0.3309941520467836,5.334677777777778
C_specialists,HELIX,2,68,12919,0.18859649122807018,4.221869444444445,0.7415000200271606,0.594298243522644,0.594298243522644,12,0.1472017765045166,0.17192982456140352,3.8563500000000004,0.17033492822966506,3.915227272727273,0.21943319838056682,4.818738461538461,0.16973684210526319,5.1817125,0.24298245614035088,2.844716666666667,0.061654135338345864,3.3518000000000003,0.23157894736842108,5.8816
C_specialists,med_long,3,151,28689,0.2529239766081872,4.211458333333333,0.8424999713897705,0.6264619827270508,0.6264619827270508,48,0.21603798866271973,0.12894736842105262,4.089333333333332,0.23827751196172245,3.9967727272727274,0.37975708502024297,4.505846153846154,0.1618421052631579,5.208724999999999,0.293859649122807,3.0331499999999996,0.09624060150375939,3.509957142857143,0.40116959064327484,5.441688888888889
C_specialists,HELIX,3,68,12919,0.18362573099415203,4.254072222222222,0.7239999771118164,0.5918128490447998,0.5918128490447998,8,0.1321871280670166,0.15701754385964914,3.8151499999999996,0.08612440191387559,4.447063636363636,0.29068825910931173,4.495930769230769,0.14868421052631578,4.9264875,0.26666666666666666,3.0494833333333333,0.02857142857142857,3.4363428571428574,0.22456140350877193,5.8985
C_specialists,med_long,4,151,28689,0.25146198830409355,4.259430555555555,0.7570000290870667,0.6257309913635254,0.6257309913635254,7,0.13126903772354126,0.17894736842105263,3.965075,0.21435406698564596,4.255518181818181,0.3497975708502024,4.534453846153847,0.14078947368421052,5.3824125,0.3175438596491228,3.0479499999999997,0.13834586466165413,3.1044999999999994,0.3497076023391813,5.774811111111111
C_specialists,HELIX,4,68,12919,0.2198830409356725,4.249258333333334,0.8140000104904175,0.6099415421485901,0.6099415421485901,32,0.2040584683418274,0.18157894736842103,3.8347999999999995,0.1435406698564593,3.980881818181818,0.31983805668016185,4.858923076923077,0.31052631578947365,4.3643125,0.18771929824561406,2.858966666666667,0.08872180451127819,3.398214285714286,0.28421052631578947,6.662633333333334
C_specialists,SHEET,0,69,13109,0.18771929824561406,4.342055555555556,0.7164999842643738,0.5938596725463867,0.5938596725463867,5,0.12264031171798706,0.13157894736842105,3.8539999999999996,0.19999999999999998,4.424600000000001,0.22914979757085024,4.722723076923076,0.1394736842105263,5.193075,0.3552631578947368,2.902058333333333,-0.09022556390977443,3.7020285714285714,0.22339181286549709,6.003388888888889
C_specialists,SHEET,1,69,13109,0.19912280701754387,4.227966666666666,0.7074999809265137,0.5995613932609558,0.5995613932609558,4,0.10793858766555786,0.08859649122807017,3.966775,0.2516746411483254,3.948472727272727,0.25668016194331983,4.705561538461538,0.1342105263157895,5.2718625,0.3263157894736842,2.992183333333333,-0.09022556390977444,3.652942857142857,0.312280701754386,5.395011111111111
C_specialists,SHEET,2,69,13109,0.1804093567251462,4.2567611111111106,0.7085000276565552,0.590204656124115,0.590204656124115,4,0.11829537153244019,0.062280701754385964,4.051516666666667,0.2287081339712919,4.150663636363637,0.248582995951417,4.535992307692307,0.0907894736842105,5.0973500000000005,0.3140350877192983,3.14305,-0.0736842105263158,3.4913428571428575,0.27953216374269,5.589844444444444
C_specialists,SHEET,3,69,13109,0.18216374269005847,4.351877777777777,0.8870000243186951,0.5910818576812744,0.5910818576812744,47,0.29591816663742065,0.1614035087719298,4.095266666666666,0.2631578947368421,4.020872727272727,0.1327935222672065,4.86883076923077,0.07368421052631577,5.6667250000000005,0.3070175438596492,3.0538166666666666,-0.018045112781954895,3.6877,0.26783625730994154,5.430455555555556
C_specialists,SHEET,4,69,13109,0.21286549707602342,4.236675000000001,0.7889999747276306,0.6064327359199524,0.6064327359199524,10,0.18256723880767822,0.20087719298245618,3.754925,0.1875598086124402,4.237509090909091,0.24534412955465584,4.680661538461539,0.13421052631578945,5.0665000000000004,0.37368421052631584,3.006483333333333,-0.02556390977443611,3.725757142857143,0.25380116959064325,5.5366888888888885
C_specialists,UNUSUAL,0,67,12729,0.22953216374269006,4.185927777777777,0.7990000247955322,0.6147660613059998,0.6147660613059998,14,0.18423396348953247,0.17894736842105266,3.739266666666667,0.13971291866028707,4.267290909090909,0.3522267206477733,4.529384615384616,0.22368421052631582,5.026612500000001,0.3131578947368421,2.96645,-0.024060150375939848,3.3602142857142856,0.32046783625730996,5.706844444444444
C_specialists,UNUSUAL,1,67,12729,0.22192982456140353,4.358747222222222,0.8015000224113464,0.6109648942947388,0.6109648942947388,15,0.19053512811660767,0.16052631578947366,3.9032666666666658,0.12822966507177033,4.725027272727273,0.35789473684210527,4.469261538461539,0.20921052631578949,4.839725,0.3008771929824562,3.0524750000000007,-0.0030075187969924905,3.276871428571429,0.30292397660818715,6.514366666666666
D_mixture_ratios,B0%G100%,0,402,4020,0.2415204678362573,4.219147222222222,0.7379999756813049,0.6207602620124817,0.6207602620124817,28,0.11723971366882324,,,,,,,,,,,,,,
D_mixture_ratios,B0%G100%,1,402,4020,0.25672514619883047,4.208752777777778,0.7975000143051147,0.6283625960350037,0.6283625960350037,46,0.16913741827011108,,,,,,,,,,,,,,
D_mixture_ratios,B0%G100%,2,402,4020,0.2704678362573099,4.044013888888888,0.7885000109672546,0.6352339386940002,0.6352339386940002,44,0.1532660722732544,,,,,,,,,,,,,,
D_mixture_ratios,B0%G100%,3,402,4020,0.262280701754386,4.25186111111111,0.7804999947547913,0.6311403512954712,0.6311403512954712,38,0.14935964345932007,,,,,,,,,,,,,,
D_mixture_ratios,B0%G100%,4,402,4020,0.24269005847953215,4.1655444444444445,0.7975000143051147,0.621345043182373,0.621345043182373,49,0.1761549711227417,,,,,,,,,,,,,,
C_specialists,UNUSUAL,2,67,12729,0.19064327485380117,4.375358333333335,0.828000009059906,0.5953216552734375,0.5953216552734375,20,0.2326783537864685,0.12543859649122807,4.403158333333333,0.07846889952153109,4.457400000000001,0.345748987854251,4.280276923076924,0.15921052631578947,5.6991,0.23070175438596496,3.0582999999999996,0.03909774436090226,3.2119571428571425,0.28304093567251465,5.859644444444445
C_specialists,UNUSUAL,3,67,12729,0.23567251461988306,4.36818888888889,0.7950000166893005,0.6178362369537354,0.6178362369537354,10,0.17716377973556519,0.13333333333333333,4.053958333333333,0.17607655502392341,4.626372727272727,0.38056680161943324,4.439784615384616,0.1855263157894737,5.251275,0.28771929824561404,3.156416666666667,0.11278195488721805,3.0881000000000003,0.30643274853801167,6.1945444444444435
C_specialists,UNUSUAL,4,67,12729,0.18157894736842106,4.6902333333333335,0.8489999771118164,0.5907894968986511,0.5907894968986511,48,0.2582104802131653,0.09210526315789475,4.2893083333333335,0.07655502392344497,5.009554545454546,0.35303643724696354,4.790123076923077,0.06578947368421055,6.1564125,0.22017543859649122,3.332483333333333,0.10075187969924815,3.1252285714285715,0.29590643274853806,6.414522222222222
D_mixture_ratios,B25%G75%,0,453,13710,0.1976608187134503,4.333552777777777,0.8180000185966492,0.5988304018974304,0.5988304018974304,32,0.21916961669921875,,,,,,,,,,,,,,
D_mixture_ratios,B25%G75%,1,453,13709,0.22953216374269006,4.308491666666666,0.7670000195503235,0.6147660613059998,0.6147660613059998,19,0.15223395824432373,,,,,,,,,,,,,,
D_mixture_ratios,B25%G75%,2,453,13708,0.23830409356725152,4.279908333333332,0.8385000228881836,0.6191520690917969,0.6191520690917969,26,0.21934795379638672,,,,,,,,,,,,,,
D_mixture_ratios,B25%G75%,3,453,13710,0.2596491228070175,4.204466666666666,0.8374999761581421,0.6298245787620544,0.6298245787620544,29,0.20767539739608765,,,,,,,,,,,,,,
D_mixture_ratios,B25%G75%,4,453,13710,0.23801169590643279,4.087852777777778,0.8309999704360962,0.6190058588981628,0.6190058588981628,27,0.21199411153793335,,,,,,,,,,,,,,
D_mixture_ratios,B50%G50%,0,504,23399,0.24210526315789474,4.094499999999999,0.699999988079071,0.621052622795105,0.621052622795105,5,0.07894736528396606,,,,,,,,,,,,,,
D_mixture_ratios,B50%G50%,1,504,23399,0.2763157894736843,4.155597222222221,0.7684999704360962,0.6381579041481018,0.6381579041481018,19,0.13034206628799438,,,,,,,,,,,,,,
D_mixture_ratios,B50%G50%,2,504,23398,0.22046783625730995,4.391072222222222,0.8410000205039978,0.6102339029312134,0.6102339029312134,48,0.23076611757278442,,,,,,,,,,,,,,
D_mixture_ratios,B50%G50%,3,504,23399,0.25087719298245614,4.013177777777778,0.7524999976158142,0.6254385709762573,0.6254385709762573,12,0.12706142663955688,,,,,,,,,,,,,,
D_mixture_ratios,B50%G50%,4,504,23398,0.2964912280701754,4.035105555555555,0.8159999847412109,0.648245632648468,0.648245632648468,29,0.16775435209274292,,,,,,,,,,,,,,
D_mixture_ratios,B75%G25%,0,555,33088,0.2415204678362573,4.270352777777777,0.8399999737739563,0.6207602620124817,0.6207602620124817,49,0.2192397117614746,,,,,,,,,,,,,,
D_mixture_ratios,B75%G25%,1,555,33087,0.30818713450292395,4.0933666666666655,0.7354999780654907,0.6540935635566711,0.6540935635566711,13,0.08140641450881958,,,,,,,,,,,,,,
D_mixture_ratios,B75%G25%,2,555,33088,0.2692982456140351,4.241577777777777,0.7559999823570251,0.6346490979194641,0.6346490979194641,8,0.12135088443756104,,,,,,,,,,,,,,
D_mixture_ratios,B75%G25%,3,555,33088,0.2903508771929824,4.110941666666666,0.8044999837875366,0.6451754570007324,0.6451754570007324,30,0.1593245267868042,,,,,,,,,,,,,,
D_mixture_ratios,B75%G25%,4,555,33087,0.2964912280701754,4.105777777777778,0.7730000019073486,0.648245632648468,0.648245632648468,11,0.12475436925888062,,,,,,,,,,,,,,
D_mixture_ratios,B90%G10%,0,586,38978,0.23888888888888882,4.227883333333334,0.8080000281333923,0.6194444298744202,0.6194444298744202,38,0.18855559825897217,,,,,,,,,,,,,,
D_mixture_ratios,B90%G10%,1,586,38977,0.2830409356725146,4.178888888888888,0.753000020980835,0.6415204405784607,0.6415204405784607,23,0.11147958040237427,,,,,,,,,,,,,,
D_mixture_ratios,B90%G10%,2,586,38977,0.26461988304093564,4.048394444444445,0.6830000281333923,0.6323099136352539,0.6323099136352539,3,0.05069011449813843,,,,,,,,,,,,,,
D_mixture_ratios,B90%G10%,3,586,38977,0.3236842105263158,3.9522472222222214,0.7400000095367432,0.6618421077728271,0.6618421077728271,7,0.07815790176391602,,,,,,,,,,,,,,
D_mixture_ratios,B90%G10%,4,586,38977,0.2581871345029241,4.239930555555555,0.8044999837875366,0.629093587398529,0.629093587398529,28,0.17540639638900757,,,,,,,,,,,,,,
D_mixture_ratios,B100%G0%,0,606,42777,0.27690058479532165,4.04073611111111,0.7124999761581421,0.6384502649307251,0.6384502649307251,6,0.07404971122741699,,,,,,,,,,,,,,
D_mixture_ratios,B100%G0%,1,606,42777,0.2549707602339181,4.126233333333334,0.6790000200271606,0.6274853944778442,0.6274853944778442,5,0.051514625549316406,,,,,,,,,,,,,,
D_mixture_ratios,B100%G0%,2,606,42777,0.29385964912280704,4.030663888888889,0.7879999876022339,0.6469298005104065,0.6469298005104065,11,0.1410701870918274,,,,,,,,,,,,,,
F_router_cv,fold=0_gen_only,0,402,4020,0.14561403508771928,3.9837729166666667,0.7379999756813049,0.6207602620124817,0.6207602620124817,28,0.11723971366882324,0.2591093117408907,3.9001692307692304,0.20609418282548475,3.7226473684210526,-0.01842105263157895,4.3617875,0.18670360110803327,4.545263157894737,0.11695906432748535,3.058722222222222,-0.025910931174089068,3.07566923076923,0.3894736842105263,5.335557142857143
D_mixture_ratios,B100%G0%,3,606,42777,0.3108187134502924,4.1895138888888885,0.7584999799728394,0.6554093360900879,0.6554093360900879,12,0.10309064388275146,,,,,,,,,,,,,,
F_router_cv,fold=0_gen_only,1,402,4020,0.1513157894736842,4.0945833333333335,0.7975000143051147,0.6283625960350037,0.6283625960350037,46,0.16913741827011108,0.217004048582996,3.9666615384615387,0.20221606648199444,3.9783789473684212,0.037500000000000006,4.3365124999999995,0.20055401662049863,4.642073684210526,0.1309941520467836,3.0587999999999997,-0.00647773279352225,3.3352153846153842,0.33684210526315794,5.350514285714286
F_router_cv,fold=0_gen_only,2,402,4020,0.14583333333333334,3.9645020833333326,0.7885000109672546,0.6352339386940002,0.6352339386940002,44,0.1532660722732544,0.18056680161943323,4.069630769230769,0.20609418282548478,3.882731578947368,0.04605263157894737,3.9761875,0.21606648199445985,4.290815789473685,0.21403508771929827,2.828322222222222,0.024291497975708502,3.297223076923077,0.09323308270676692,5.778828571428572
D_mixture_ratios,B100%G0%,4,606,42777,0.2321637426900585,4.227627777777778,0.7319999933242798,0.6160818934440613,0.6160818934440613,5,0.1159180998802185,,,,,,,,,,,,,,
F_router_cv,fold=0_bench_only,0,606,42777,0.40811403508771926,3.48473125,0.7124999761581421,0.6384502649307251,0.6384502649307251,6,0.07404971122741699,0.368421052631579,3.7432076923076925,0.41274238227146814,3.437736842105263,0.43486842105263157,3.3305249999999997,0.3656509695290859,3.826415789473684,0.447953216374269,2.4969777777777775,0.3991902834008097,2.625607692307692,0.48872180451127817,5.422785714285714
F_router_cv,fold=0_gen_only,3,402,4020,0.15570175438596492,4.005135416666666,0.7804999947547913,0.6311403512954712,0.6311403512954712,38,0.14935964345932007,0.19999999999999998,4.151161538461539,0.22049861495844875,3.6679947368421053,0.042763157894736836,4.286843749999999,0.18614958448753463,4.514142105263157,0.12631578947368421,2.989622222222222,0.0340080971659919,3.167553846153846,0.33684210526315794,5.484714285714285
F_router_cv,fold=0_gen_only,4,402,4020,0.15833333333333333,3.9205166666666664,0.7975000143051147,0.621345043182373,0.621345043182373,49,0.1761549711227417,0.16356275303643725,4.265384615384615,0.23822714681440443,3.6662684210526315,0.05921052631578947,3.94223125,0.19113573407202214,4.223594736842105,0.17894736842105263,2.856666666666667,0.0437246963562753,3.3222615384615377,0.2556390977443609,5.576728571428572
F_router_cv,fold=0_bench_only,1,606,42777,0.3864035087719298,3.471389583333334,0.6790000200271606,0.6274853944778442,0.6274853944778442,5,0.051514625549316406,0.36113360323886645,3.933384615384616,0.4127423822714682,3.2323947368421058,0.3756578947368421,3.379825,0.36675900277008305,3.7224684210526306,0.38362573099415204,2.6168555555555555,0.374089068825911,2.5440307692307695,0.4661654135338345,5.6108142857142855
F_router_cv,fold=0_25B_75G,0,453,13710,0.21798245614035086,3.80266875,0.8180000185966492,0.5988304018974304,0.5988304018974304,32,0.21916961669921875,0.3076923076923077,4.114415384615385,0.24542936288088643,3.528878947368421,0.11249999999999999,3.8745000000000003,0.3429362880886427,3.9819789473684204,0.1567251461988304,3.0532777777777778,0.027530364372469637,3.0728615384615385,0.3112781954887218,5.634828571428572
F_router_cv,fold=0_bench_only,2,606,42777,0.45526315789473687,3.2771791666666665,0.7879999876022339,0.6469298005104065,0.6469298005104065,11,0.1410701870918274,0.41133603238866395,3.669784615384615,0.43988919667590026,3.116857894736842,0.5092105263157896,3.14856875,0.4614958448753463,3.362757894736842,0.4421052631578947,2.5525555555555552,0.4348178137651822,2.5060846153846157,0.4932330827067669,5.408585714285714
F_router_cv,fold=0_25B_75G,1,453,13709,0.2607456140350877,3.835558333333333,0.7670000195503235,0.6147660613059998,0.6147660613059998,19,0.15223395824432373,0.28987854251012146,4.209646153846155,0.32520775623268694,3.6119368421052633,0.16052631578947368,3.7971624999999998,0.289196675900277,4.261757894736842,0.2830409356725146,2.7452666666666667,0.14493927125506073,2.9371846153846155,0.3699248120300752,5.748942857142858
F_router_cv,fold=0_bench_only,3,606,42777,0.48881578947368426,3.2910312499999996,0.7584999799728394,0.6554093360900879,0.6554093360900879,12,0.10309064388275146,0.4639676113360323,3.758292307692308,0.474792243767313,3.041526315789474,0.5256578947368421,3.20766875,0.4914127423822715,3.338605263157895,0.4444444444444444,2.504922222222222,0.5020242914979757,2.4687076923076927,0.5142857142857143,5.6997857142857145
F_router_cv,fold=0_25B_75G,2,453,13708,0.2820175438596491,3.6989958333333335,0.8385000228881836,0.6191520690917969,0.6191520690917969,26,0.21934795379638672,0.2704453441295547,3.701138461538461,0.24653739612188366,3.8961421052631566,0.3335526315789474,3.46314375,0.29418282548476454,4.0996,0.41169590643274856,2.560722222222222,0.23319838056680162,2.6848769230769234,0.17293233082706766,5.9585
F_router_cv,fold=0_25B_75G,3,453,13710,0.2767543859649123,3.63721875,0.8374999761581421,0.6298245787620544,0.6298245787620544,29,0.20767539739608765,0.25020242914979757,4.384930769230769,0.2066481994459834,3.4558684210526316,0.3815789473684211,3.24505625,0.36398891966759006,3.8009894736842105,0.2935672514619883,2.8166333333333338,0.12307692307692311,2.9107923076923075,0.3037593984962406,5.596814285714286
F_router_cv,fold=0_25B_75G,4,453,13710,0.2548245614035088,3.7898541666666667,0.8309999704360962,0.6190058588981628,0.6190058588981628,27,0.21199411153793335,0.15546558704453442,4.0465307692307695,0.2908587257617729,3.5258736842105267,0.29276315789473684,3.8947812500000003,0.24432132963988917,4.281363157894736,0.2912280701754386,2.7196888888888893,0.21619433198380567,2.930815384615385,0.3082706766917294,5.427042857142857
F_router_cv,fold=0_bench_only,4,606,42777,0.36710526315789477,3.610366666666667,0.7319999933242798,0.6160818934440613,0.6160818934440613,5,0.1159180998802185,0.33684210526315794,3.875607692307692,0.3905817174515236,3.577142105263158,0.3638157894736842,3.4343125,0.3445983379501385,4.0821578947368415,0.39649122807017545,2.6386444444444446,0.3238866396761134,2.5944076923076924,0.4706766917293233,5.465928571428571
F_router_cv,fold=0_50B_50G,0,504,23399,0.21973684210526315,3.9274999999999998,0.699999988079071,0.621052622795105,0.621052622795105,5,0.07894736528396606,0.21295546558704453,4.3226538461538455,0.2847645429362881,3.598863157894737,0.14802631578947367,3.9966937499999995,0.2659279778393352,4.308505263157895,0.28538011695906434,2.9975,0.00809716599190283,3.1399615384615385,0.4030075187969925,5.551628571428571
F_router_cv,fold=0_50B_50G,1,504,23399,0.3517543859649123,3.5248874999999997,0.7684999704360962,0.6381579041481018,0.6381579041481018,19,0.13034206628799438,0.3878542510121457,3.816353846153846,0.4166204986149585,3.122757894736842,0.24539473684210525,3.7656,0.35955678670360103,3.8723947368421054,0.383625730994152,2.565166666666667,0.31093117408906884,2.6255461538461544,0.36541353383458647,5.485785714285714
F_router_cv,fold=0_50B_50G,2,504,23398,0.34100877192982454,3.57598125,0.8410000205039978,0.6102339029312134,0.6102339029312134,48,0.23076611757278442,0.18056680161943317,3.9633769230769227,0.3434903047091413,3.418115789473684,0.46842105263157896,3.4486875,0.33407202216066484,4.07057894736842,0.3099415204678363,2.6683666666666666,0.3133603238866397,2.456669230769231,0.4511278195488722,5.479157142857142
F_router_cv,fold=0_50B_50G,3,504,23399,0.37456140350877193,3.397027083333333,0.7524999976158142,0.6254385709762573,0.6254385709762573,12,0.12706142663955688,0.27287449392712554,3.925292307692308,0.42049861495844876,3.0974421052631578,0.40263157894736845,3.3235687499999997,0.31689750692520774,3.5850736842105264,0.3871345029239766,2.677811111111111,0.3757085020242915,2.6135923076923073,0.512781954887218,5.266271428571428
F_router_cv,fold=0_50B_50G,4,504,23398,0.4094298245614036,3.4425062499999997,0.8159999847412109,0.648245632648468,0.648245632648468,29,0.16775435209274292,0.3157894736842105,4.049476923076923,0.4803324099722992,2.8703105263157895,0.4013157894736842,3.628825,0.43545706371191134,3.6521473684210526,0.3497076023391813,2.5362888888888886,0.38380566801619437,2.594530769230769,0.46315789473684216,5.613428571428571
F_router_cv,fold=0_75B_25G,0,555,33088,0.5528508771929824,3.1911020833333335,0.8399999737739563,0.6207602620124817,0.6207602620124817,49,0.2192397117614746,0.5327935222672064,3.8997307692307692,0.48199445983379496,3.0595842105263156,0.6532894736842105,2.7715187500000003,0.5113573407202217,3.6403421052631577,0.5906432748538012,2.4316444444444443,0.5627530364372471,2.202238461538461,0.5984962406015037,4.784642857142857
F_router_cv,fold=0_75B_25G,1,555,33087,0.4076754385964912,3.5008562500000004,0.7354999780654907,0.6540935635566711,0.6540935635566711,13,0.08140641450881958,0.35951417004048586,3.9341153846153842,0.45373961218836567,3.147347368421053,0.3921052631578948,3.568625,0.36066481994459837,3.9293894736842105,0.4222222222222222,2.477977777777778,0.43562753036437246,2.5071307692307694,0.4646616541353384,5.498314285714286
F_router_cv,fold=0_75B_25G,2,555,33088,0.38399122807017544,3.5938979166666662,0.7559999823570251,0.6346490979194641,0.6346490979194641,8,0.12135088443756104,0.32874493927125514,4.099600000000001,0.3872576177285319,3.3157736842105265,0.42500000000000004,3.5132874999999997,0.41163434903047097,4.015142105263157,0.36725146198830416,2.661077777777778,0.31093117408906884,2.5677,0.46616541353383456,5.555657142857143
F_router_cv,fold=1_gen_only,0,402,4020,0.2513157894736842,4.6851562499999995,0.7379999756813049,0.6207602620124817,0.6207602620124817,28,0.11723971366882324,0.1607017543859649,5.033586666666666,0.2721804511278196,4.9302761904761905,0.32807017543859646,3.820658333333333,0.35119617224880384,4.6594454545454544,0.061654135338345864,3.61055,0.25,2.9706,0.35578947368421054,6.621406666666668
F_router_cv,fold=0_75B_25G,3,555,33088,0.4881578947368421,3.2379104166666663,0.8044999837875366,0.6451754570007324,0.6451754570007324,30,0.1593245267868042,0.3732793522267206,3.6982769230769232,0.46315789473684205,3.130542105263158,0.6111842105263159,2.9913625,0.43490304709141275,3.5626526315789477,0.4011695906432749,2.5180666666666665,0.5878542510121458,2.4248307692307693,0.5593984962406016,4.7919857142857145
F_router_cv,fold=0_75B_25G,4,555,33087,0.42280701754385963,3.4035333333333333,0.7730000019073486,0.648245632648468,0.648245632648468,11,0.12475436925888062,0.3157894736842105,3.851161538461538,0.4509695290858726,3.1325631578947375,0.47631578947368425,3.3616124999999997,0.43490304709141275,3.5725,0.4035087719298246,2.606611111111111,0.39838056680161943,2.6053307692307692,0.46015037593984964,5.4519
F_router_cv,fold=1_gen_only,1,402,4020,0.23179824561403506,4.751239583333334,0.7975000143051147,0.6283625960350037,0.6283625960350037,46,0.16913741827011108,0.15228070175438593,5.031866666666667,0.2506265664160401,5.045833333333333,0.2982456140350877,3.884916666666666,0.3655502392344498,4.6657,0.0488721804511278,3.677671428571429,0.17894736842105263,3.0556,0.33263157894736844,6.7203066666666675
F_router_cv,fold=1_gen_only,2,402,4020,0.22916666666666666,4.524693750000001,0.7885000109672546,0.6352339386940002,0.6352339386940002,44,0.1532660722732544,0.18105263157894738,4.700846666666666,0.24962406015037591,4.795952380952381,0.2535087719298246,3.8298,0.3655502392344498,4.347663636363637,0.027819548872180442,3.5030428571428573,0.16052631578947368,2.9582875,0.35368421052631577,6.443473333333333
F_router_cv,fold=1_gen_only,3,402,4020,0.2394736842105263,4.684535416666667,0.7804999947547913,0.6311403512954712,0.6311403512954712,38,0.14935964345932007,0.12982456140350876,5.215206666666668,0.2796992481203008,4.754204761904761,0.306140350877193,3.8992749999999994,0.36076555023923446,4.502836363636363,0.06917293233082708,3.514828571428572,0.18289473684210528,3.0369,0.33964912280701753,6.788246666666668
F_router_cv,fold=1_gen_only,4,402,4020,0.24100877192982453,4.75486875,0.7975000143051147,0.621345043182373,0.621345043182373,49,0.1761549711227417,0.1810526315789474,5.069973333333333,0.25814536340852134,5.019042857142857,0.28596491228070176,3.8986833333333326,0.38947368421052636,4.57279090909091,0.07368421052631578,3.5818285714285714,0.1710526315789474,3.2292,0.3256140350877193,6.796920000000001
F_router_cv,fold=1_bench_only,0,606,42777,0.4421052631578947,4.13666875,0.7124999761581421,0.6384502649307251,0.6384502649307251,6,0.07404971122741699,0.3649122807017544,4.338006666666667,0.5127819548872181,4.195728571428571,0.4149122807017544,3.781641666666666,0.47464114832535886,4.362190909090909,0.39849624060150374,3.211585714285715,0.35789473684210527,2.6246125,0.5038596491228071,5.641126666666667
F_router_cv,fold=1_bench_only,1,606,42777,0.4217105263157895,4.127489583333333,0.6790000200271606,0.6274853944778442,0.6274853944778442,5,0.051514625549316406,0.33964912280701753,4.680806666666667,0.4852130325814536,4.070433333333334,0.4131578947368421,3.5356916666666667,0.47081339712918663,4.1214,0.3796992481203008,3.0680500000000004,0.3157894736842105,2.6406625,0.48140350877192983,5.9137400000000016
F_router_cv,fold=1_bench_only,2,606,42777,0.4828947368421052,3.7690125,0.7879999876022339,0.6469298005104065,0.6469298005104065,11,0.1410701870918274,0.4133333333333334,4.102073333333333,0.5458646616541353,3.746842857142857,0.4596491228070176,3.3914833333333334,0.5186602870813396,3.936927272727273,0.4834586466165413,2.887242857142857,0.35131578947368425,2.5537875,0.5263157894736843,5.11698
F_router_cv,fold=1_25B_75G,0,453,13710,0.37171052631578944,3.97164375,0.8180000185966492,0.5988304018974304,0.5988304018974304,32,0.21916961669921875,0.29333333333333333,4.117086666666667,0.3644110275689223,4.3314095238095245,0.4824561403508773,3.16025,0.4354066985645933,3.886981818181819,0.26766917293233083,3.226057142857143,0.33289473684210524,2.1925875,0.44280701754385965,5.67844
F_router_cv,fold=1_25B_75G,1,453,13709,0.2831140350877193,4.4624291666666664,0.7670000195503235,0.6147660613059998,0.6147660613059998,19,0.15223395824432373,0.27087719298245616,4.71168,0.28421052631578947,4.574285714285714,0.29649122807017547,3.9551166666666666,0.42488038277511964,4.500818181818182,-0.008270676691729326,3.6953071428571427,0.25131578947368427,2.6347249999999995,0.46807017543859664,6.1250333333333336
F_router_cv,fold=1_25B_75G,2,453,13708,0.331359649122807,4.379695833333334,0.8385000228881836,0.6191520690917969,0.6191520690917969,26,0.21934795379638672,0.2842105263157894,4.59082,0.4025062656641604,4.329233333333333,0.2657894736842105,4.2041,0.2880382775119617,4.413081818181817,0.30977443609022554,3.1029071428571435,0.25526315789473686,2.9302124999999997,0.42385964912280705,6.319940000000001
F_router_cv,fold=1_bench_only,3,606,42777,0.4888157894736842,3.9147104166666664,0.7584999799728394,0.6554093360900879,0.6554093360900879,12,0.10309064388275146,0.42315789473684207,4.10928,0.5458646616541354,4.0014095238095235,0.47105263157894733,3.5197749999999997,0.50622009569378,3.9341636363636368,0.5075187969924813,2.9995071428571434,0.3526315789473684,2.91915,0.5312280701754387,5.2856
F_router_cv,fold=1_25B_75G,3,453,13710,0.36052631578947375,4.123835416666666,0.8374999761581421,0.6298245787620544,0.6298245787620544,29,0.20767539739608765,0.36491228070175435,4.481933333333332,0.32531328320802005,4.2229238095238095,0.4166666666666666,3.5028083333333337,0.4516746411483254,3.953863636363637,0.29699248120300753,2.873871428571429,0.2,3.0199499999999997,0.43859649122807004,6.003853333333335
F_router_cv,fold=1_25B_75G,4,453,13710,0.3405701754385965,4.255477083333333,0.8309999704360962,0.6190058588981628,0.6190058588981628,27,0.21199411153793335,0.2842105263157894,4.544953333333334,0.34436090225563915,4.387295238095239,0.40438596491228074,3.66295,0.4382775119617225,4.397572727272728,0.1879699248120301,3.278164285714286,0.2013157894736842,3.065,0.48561403508771933,5.698353333333333
F_router_cv,fold=1_bench_only,4,606,42777,0.41907894736842105,4.330795833333333,0.7319999933242798,0.6160818934440613,0.6160818934440613,5,0.1159180998802185,0.31017543859649127,4.895666666666667,0.47218045112781953,4.3604666666666665,0.46228070175438596,3.572783333333333,0.4334928229665072,4.515536363636364,0.43759398496240604,2.977857142857143,0.3078947368421053,2.940375,0.4505263157894736,6.199620000000001
F_router_cv,fold=1_50B_50G,0,504,23399,0.35986842105263167,4.3671625,0.699999988079071,0.621052622795105,0.621052622795105,5,0.07894736528396606,0.2708771929824561,4.454053333333333,0.4095238095238095,4.615790476190476,0.3842105263157895,3.8234499999999993,0.4258373205741627,4.444263636363636,0.2646616541353383,3.2670785714285713,0.2973684210526316,2.972525,0.43368421052631584,6.081173333333334
F_router_cv,fold=1_50B_50G,1,504,23399,0.41469298245614034,4.0956729166666666,0.7684999704360962,0.6381579041481018,0.6381579041481018,19,0.13034206628799438,0.3052631578947368,4.56316,0.48471177944862154,4.055447619047619,0.4289473684210526,3.5817083333333333,0.49186602870813395,4.1702,0.3902255639097745,3.2089142857142856,0.36973684210526314,2.3156625,0.40491228070175433,5.817999999999999
F_router_cv,fold=1_50B_50G,2,504,23398,0.4131578947368421,4.065508333333334,0.8410000205039978,0.6102339029312134,0.6102339029312134,48,0.23076611757278442,0.40912280701754394,4.1973199999999995,0.43358395989974935,4.0423809523809515,0.38245614035087727,3.941216666666667,0.44880382775119615,4.489227272727272,0.3473684210526316,2.9753499999999997,0.3381578947368421,2.6041125000000003,0.488421052631579,5.551673333333333
F_router_cv,fold=1_50B_50G,3,504,23399,0.42368421052631583,4.1163125,0.7524999976158142,0.6254385709762573,0.6254385709762573,12,0.12706142663955688,0.38877192982456144,4.475946666666666,0.44611528822055146,4.074685714285715,0.42807017543859655,3.7396166666666666,0.4191387559808612,4.3357909090909095,0.418045112781955,2.9786571428571427,0.2973684210526316,2.9587624999999997,0.49964912280701756,5.634533333333334
F_router_cv,fold=1_50B_50G,4,504,23398,0.43223684210526314,3.9829791666666665,0.8159999847412109,0.648245632648468,0.648245632648468,29,0.16775435209274292,0.42666666666666664,4.017933333333334,0.47167919799498736,3.9709142857142856,0.37017543859649127,3.9604,0.45263157894736844,4.425245454545454,0.34511278195488726,2.999992857142857,0.3302631578947368,2.5722,0.5529824561403508,5.328519999999999
F_router_cv,fold=1_75B_25G,0,555,33088,0.5274122807017544,3.670358333333333,0.8399999737739563,0.6207602620124817,0.6207602620124817,49,0.2192397117614746,0.3964912280701754,4.099859999999999,0.6451127819548872,3.5334904761904755,0.4850877192982457,3.3729999999999998,0.5980861244019139,3.5396999999999994,0.5135338345864662,2.6681214285714288,0.3092105263157895,2.466775,0.6049122807017544,5.343506666666667
F_router_cv,fold=1_75B_25G,1,555,33087,0.4574561403508772,4.091829166666667,0.7354999780654907,0.6540935635566711,0.6540935635566711,13,0.08140641450881958,0.384561403508772,4.412533333333333,0.524310776942356,4.1095523809523815,0.43157894736842106,3.659933333333333,0.5023923444976076,4.1819181818181805,0.44661654135338347,3.0032785714285715,0.3157894736842105,2.6690125,0.5101754385964912,5.800579999999999
F_router_cv,fold=1_75B_25G,2,555,33088,0.4188596491228071,4.0366583333333335,0.7559999823570251,0.6346490979194641,0.6346490979194641,8,0.12135088443756104,0.3614035087719299,4.652046666666666,0.47067669172932325,3.983142857142857,0.39999999999999997,3.361075,0.45358851674641154,4.258227272727272,0.38947368421052625,3.0519857142857143,0.3013157894736842,2.2746375,0.48350877192982455,5.732946666666667
F_router_cv,fold=1_75B_25G,3,555,33088,0.49692982456140355,3.81803125,0.8044999837875366,0.6451754570007324,0.6451754570007324,30,0.1593245267868042,0.4891228070175439,4.162000000000001,0.52531328320802,3.881580952380953,0.45701754385964916,3.276858333333333,0.5291866028708134,3.8870636363636355,0.4939849624060151,2.7243500000000003,0.40131578947368424,2.3044624999999996,0.5270175438596492,5.595413333333334
F_router_cv,fold=2_gen_only,0,402,4020,0.13345080420376323,4.942952083333334,0.7379999756813049,0.6207602620124817,0.6207602620124817,28,0.11723971366882324,0.03087719298245614,4.09308,0.25605923663725105,5.620929411764705,0.09934210526315793,5.0193562499999995,0.07368421052631578,5.201229411764706,0.07819548872180453,3.598785714285714,0.24520672558698278,3.1807499999999997,0.1385964912280702,7.123358333333333
F_router_cv,fold=2_gen_only,1,402,4020,0.136075430486578,4.741585416666667,0.7975000143051147,0.6283625960350037,0.6283625960350037,46,0.16913741827011108,0.03929824561403509,3.9945733333333333,0.25542041053795395,5.523352941176471,0.1,4.61128125,0.09164086687306502,4.9284647058823525,0.03609022556390979,3.640957142857143,0.24693330089368035,2.962533333333333,0.14649122807017548,6.897925
F_router_cv,fold=2_gen_only,2,402,4020,0.16567663792348308,4.3843875,0.7885000109672546,0.6352339386940002,0.6352339386940002,44,0.1532660722732544,0.06807017543859648,4.19728,0.32413960924525254,4.631882352941176,0.08881578947368421,4.2968375000000005,0.08606811145510837,4.62139411764706,0.10526315789473684,3.6740142857142852,0.2907767271325288,2.90675,0.1885964912280702,5.940649999999999
F_router_cv,fold=1_75B_25G,4,555,33087,0.4300438596491228,4.029554166666667,0.7730000019073486,0.648245632648468,0.648245632648468,11,0.12475436925888062,0.40280701754385967,4.386133333333333,0.42556390977443614,4.04632380952381,0.4719298245614035,3.554483333333333,0.508133971291866,3.8880181818181825,0.33082706766917297,3.262907142857143,0.29210526315789476,2.5167625,0.5389473684210527,5.655706666666668
F_router_cv,fold=2_gen_only,3,402,4020,0.15954845420925903,4.856797916666667,0.7804999947547913,0.6311403512954712,0.6311403512954712,38,0.14935964345932007,0.052631578947368425,4.098659999999999,0.2665888242688676,5.663094117647058,0.14605263157894738,4.7108625,0.08049535603715172,5.056170588235295,0.14285714285714285,3.6464714285714277,0.2864394308721238,3.1054999999999997,0.1543859649122807,7.031675
F_router_cv,fold=2_gen_only,4,402,4020,0.13102751511646551,4.91125625,0.7975000143051147,0.621345043182373,0.621345043182373,49,0.1761549711227417,0.04210526315789474,3.9750266666666665,0.2993718073876674,5.862417647058823,0.0355263157894737,4.778362500000001,0.005572755417956661,4.994358823529412,0.11729323308270675,3.5832428571428574,0.3591977797641077,2.9457166666666663,0.08859649122807019,7.533741666666665
F_router_cv,fold=2_bench_only,0,606,42777,0.41308677496343665,4.210325,0.7124999761581421,0.6384502649307251,0.6384502649307251,6,0.07404971122741699,0.2926315789473684,3.9708466666666657,0.5001087887512516,4.591782352941176,0.4335526315789474,4.0295375,0.388235294117647,4.319223529411765,0.33082706766917286,3.423714285714286,0.5163821875730451,2.8898916666666667,0.39298245614035093,5.8353416666666655
F_router_cv,fold=2_bench_only,1,606,42777,0.39070966308011307,4.2455541666666665,0.6790000200271606,0.6274853944778442,0.6274853944778442,5,0.051514625549316406,0.2645614035087719,3.847633333333333,0.5007034449816196,4.732876470588235,0.3921052631578948,4.100825,0.2978328173374613,4.387535294117647,0.37744360902255636,3.3290857142857138,0.5119614593379961,2.8370499999999996,0.4087719298245615,5.987525000000001
F_router_cv,fold=2_bench_only,2,606,42777,0.48611251136419753,3.8817437500000005,0.7879999876022339,0.6469298005104065,0.6469298005104065,11,0.1410701870918274,0.3908771929824562,3.685133333333333,0.5799833138208923,3.901241176470588,0.4756578947368421,4.04535,0.4321981424148607,4.288182352941177,0.3819548872180451,3.2605857142857144,0.6005903963339834,2.7103750000000004,0.5087719298245615,4.839666666666667
F_router_cv,fold=2_25B_75G,0,453,13710,0.24134669982329413,4.684925000000001,0.8180000185966492,0.5988304018974304,0.5988304018974304,32,0.21916961669921875,0.112280701754386,4.639606666666666,0.3867126632781555,4.772182352941177,0.20789473684210527,4.6347000000000005,0.17213622291021674,5.228670588235295,0.30075187969924816,3.493557142857143,0.3232815361352817,3.1343750000000004,0.22280701754385965,6.1601333333333335
F_router_cv,fold=2_25B_75G,1,453,13709,0.26638378070091373,4.686947916666667,0.7670000195503235,0.6147660613059998,0.6147660613059998,19,0.15223395824432373,0.22736842105263164,3.9205266666666665,0.40848918885211555,5.418276470588235,0.15197368421052632,4.62843125,0.17585139318885445,4.978194117647059,0.2571428571428572,3.655057142857143,0.37342985964576014,2.8987,0.29298245614035084,6.664533333333334
F_router_cv,fold=2_25B_75G,2,453,13708,0.198361926128092,4.549814583333333,0.8385000228881836,0.6191520690917969,0.6191520690917969,26,0.21934795379638672,0.09403508771929824,3.9290999999999996,0.2975420329065632,5.269782352941176,0.19078947368421054,4.36676875,0.21671826625386997,4.564852941176471,0.15789473684210525,3.500128571428571,0.3188863010035961,2.9751999999999996,0.07543859649122808,6.715441666666666
F_router_cv,fold=2_bench_only,3,606,42777,0.5038745104815089,4.0478958333333335,0.7584999799728394,0.6554093360900879,0.6554093360900879,12,0.10309064388275146,0.3782456140350877,3.958466666666667,0.5886487726289041,4.172164705882353,0.531578947368421,3.9997000000000003,0.44705882352941173,4.342935294117647,0.48421052631578954,3.0242000000000004,0.5997085682418247,2.8600333333333334,0.5,5.4149416666666665
F_router_cv,fold=2_25B_75G,3,453,13710,0.27008635777298884,4.369508333333333,0.8374999761581421,0.6298245787620544,0.6298245787620544,29,0.20767539739608765,0.11649122807017545,4.4444333333333335,0.4449497160649097,4.624758823529412,0.22828947368421054,4.0280625,0.19999999999999998,4.530505882352942,0.2796992481203008,3.569842857142857,0.31455595740774484,3.0790749999999996,0.31929824561403514,5.898333333333333
F_router_cv,fold=2_bench_only,4,606,42777,0.36922712584062967,4.182460416666667,0.7319999933242798,0.6160818934440613,0.6160818934440613,5,0.1159180998802185,0.24280701754385964,4.066513333333333,0.4505731850360814,4.419735294117648,0.4013157894736842,4.03905625,0.3256965944272446,4.351511764705883,0.31729323308270674,3.4375285714285715,0.5076102577484836,2.77315,0.3228070175438597,5.786824999999999
F_router_cv,fold=2_25B_75G,4,453,13710,0.20887433658845833,4.628166666666666,0.8309999704360962,0.6190058588981628,0.6190058588981628,27,0.21199411153793335,0.07649122807017544,4.000593333333333,0.31174425686895973,5.3895117647058814,0.2236842105263158,4.4075875,0.17956656346749228,4.929676470588236,0.26315789473684215,3.370485714285714,0.29163769723102634,2.9862249999999997,0.13596491228070176,6.576616666666667
F_router_cv,fold=2_50B_50G,0,504,23399,0.26812484072543147,4.413975,0.699999988079071,0.621052622795105,0.621052622795105,5,0.07894736528396606,0.17754385964912284,4.005673333333333,0.3725382499739736,4.8118,0.24210526315789474,4.37406875,0.16656346749226006,5.027841176470589,0.32030075187969925,3.4760571428571434,0.4032011172876908,2.8862833333333335,0.24649122807017546,5.619141666666667
F_router_cv,fold=2_50B_50G,1,504,23399,0.3628744293823764,4.079445833333334,0.7684999704360962,0.6381579041481018,0.6381579041481018,19,0.13034206628799438,0.31649122807017543,3.8064599999999995,0.501986004943428,4.400994117647059,0.25855263157894737,3.993725,0.2959752321981424,4.217182352941177,0.25563909774436094,3.549042857142857,0.5664099982312598,2.621941666666667,0.31666666666666665,5.651225
F_router_cv,fold=2_50B_50G,2,504,23398,0.3334490660376248,4.2901437499999995,0.8410000205039978,0.6102339029312134,0.6102339029312134,48,0.23076611757278442,0.11438596491228072,4.501259999999999,0.48515649605669914,4.313617647058824,0.37763157894736843,4.067281250000001,0.34241486068111454,4.621858823529411,0.17894736842105266,3.6453714285714285,0.4522173167820782,2.7786500000000003,0.2921052631578947,5.707825
F_router_cv,fold=2_50B_50G,3,504,23399,0.2935489524988394,4.371670833333333,0.7524999976158142,0.6254385709762573,0.6254385709762573,12,0.12706142663955688,0.17473684210526316,3.9503533333333336,0.47033016928464866,4.605341176470588,0.21710526315789475,4.51838125,0.20866873065015482,4.7412294117647065,0.32932330827067663,3.2275285714285715,0.4198098450830768,2.8725166666666664,0.26666666666666666,6.0147
F_router_cv,fold=2_50B_50G,4,504,23398,0.3598077302760567,4.154331249999999,0.8159999847412109,0.648245632648468,0.648245632648468,29,0.16775435209274292,0.2126315789473684,3.8291066666666667,0.4945654799125812,4.438294117647058,0.35460526315789476,4.1575187499999995,0.3108359133126935,4.609923529411765,0.27518796992481204,3.3524571428571432,0.5444940789989636,2.571775,0.29385964912280704,5.559224999999999
F_router_cv,fold=2_75B_25G,0,555,33088,0.48327206316804566,4.1989833333333335,0.8399999737739563,0.6207602620124817,0.6207602620124817,49,0.2192397117614746,0.3698245614035088,3.88368,0.4716536272732435,4.791423529411765,0.6019736842105263,3.8651125,0.4842105263157895,4.154829411764706,0.46165413533834593,3.5890142857142853,0.629579480742358,2.4759583333333333,0.34824561403508775,6.340375000000001
F_router_cv,fold=2_75B_25G,1,555,33087,0.4716423034859481,4.014858333333334,0.7354999780654907,0.6540935635566711,0.6540935635566711,13,0.08140641450881958,0.37052631578947365,3.6664466666666664,0.5824699095330795,4.24224705882353,0.4486842105263158,4.09989375,0.42043343653250775,4.220605882352941,0.44360902255639095,3.125314285714286,0.5883235999087048,2.5695833333333336,0.443859649122807,5.687558333333333
F_router_cv,fold=2_75B_25G,2,555,33088,0.362406863455508,4.332860416666667,0.7559999823570251,0.6346490979194641,0.6346490979194641,8,0.12135088443756104,0.20701754385964916,4.2124266666666665,0.49756984356477785,4.415823529411765,0.3644736842105263,4.35761875,0.31145510835913315,4.7567352941176475,0.4135338345864662,3.163871428571429,0.3864695590851898,2.949908333333333,0.3807017543859648,5.797233333333334
F_router_cv,fold=3_gen_only,0,402,4020,0.27008809593912725,4.008858333333333,0.7379999756813049,0.6207602620124817,0.6207602620124817,28,0.11723971366882324,0.22894736842105265,4.64413125,0.3659919028340081,3.3036384615384615,0.23911452492100851,3.956410526315789,0.4007037631373337,3.824011111111111,0.2744360902255639,3.2321999999999997,0.15885167464114833,2.685481818181818,0.26917293233082706,5.944142857142857
F_router_cv,fold=2_75B_25G,3,555,33088,0.41702139683280764,3.9619062499999997,0.8044999837875366,0.6451754570007324,0.6451754570007324,30,0.1593245267868042,0.2428070175438597,3.7726333333333333,0.643106854215234,4.030935294117647,0.34013157894736845,4.06600625,0.33869969040247677,4.307235294117647,0.4,3.252985714285714,0.47685751715579183,2.666466666666667,0.47807017543859637,5.181666666666667
F_router_cv,fold=3_gen_only,1,402,4020,0.2303875814297204,4.155204166666667,0.7975000143051147,0.6283625960350037,0.6283625960350037,46,0.16913741827011108,0.17565789473684212,5.05431875,0.29554655870445345,3.1798461538461535,0.23189328050943225,4.065405263157895,0.3269793816602633,4.105555555555556,0.24285714285714285,3.2877285714285707,0.06985645933014353,2.8913727272727274,0.2819548872180451,6.047607142857143
F_router_cv,fold=2_75B_25G,4,555,33087,0.3865557429651281,4.152572916666667,0.7730000019073486,0.648245632648468,0.648245632648468,11,0.12475436925888062,0.2168421052631579,3.973866666666666,0.48959392440927824,4.250082352941176,0.4361842105263158,4.21650625,0.3393188854489164,4.504588235294118,0.3082706766917293,3.329885714285715,0.5690299894043721,2.8432666666666666,0.3166666666666667,5.443091666666667
F_router_cv,fold=3_gen_only,2,402,4020,0.21699764189558254,4.1036062499999995,0.7885000109672546,0.6352339386940002,0.6352339386940002,44,0.1532660722732544,0.17105263157894735,4.6174687500000005,0.27206477732793527,3.0438615384615377,0.2180106631821919,4.395968421052632,0.27077104917410105,3.9832666666666663,0.2548872180451128,3.3365928571428567,0.08229665071770334,2.688372727272727,0.2503759398496241,6.05995
F_router_cv,fold=3_gen_only,3,402,4020,0.2411279809663929,4.211710416666667,0.7804999947547913,0.6311403512954712,0.6311403512954712,38,0.14935964345932007,0.2118421052631579,5.05314375,0.31255060728744943,3.384307692307693,0.216921658286289,4.069252631578947,0.379583149949417,3.976988888888889,0.2511278195488722,3.2441785714285714,0.12248803827751197,2.847990909090909,0.23533834586466162,6.40162857142857
F_router_cv,fold=3_gen_only,4,402,4020,0.22467365988078658,3.9726583333333334,0.7975000143051147,0.621345043182373,0.621345043182373,49,0.1761549711227417,0.18618421052631579,4.59665,0.29878542510121453,3.1681538461538454,0.20637777787057437,3.997642105263158,0.318727355621505,4.1390111111111105,0.2729323308270677,3.2190499999999997,0.0708133971291866,2.7681999999999998,0.2368421052631579,5.5656857142857135
F_router_cv,fold=3_bench_only,0,606,42777,0.4661407275180746,3.751264583333333,0.7124999761581421,0.6384502649307251,0.6384502649307251,6,0.07404971122741699,0.45657894736842103,4.412325,0.46153846153846156,3.0964076923076913,0.4773416717354129,3.642642105263158,0.525849961967743,3.6893222222222226,0.456390977443609,2.9583357142857136,0.34832535885167465,2.5685545454545458,0.5300751879699248,5.513285714285715
F_router_cv,fold=3_bench_only,1,606,42777,0.4610997648125159,3.7679375,0.6790000200271606,0.6274853944778442,0.6274853944778442,5,0.051514625549316406,0.4592105263157895,4.418925,0.45748987854251005,3.0747999999999993,0.4651606246787104,3.6939894736842107,0.49428646496499684,3.7868555555555554,0.4548872180451128,2.953778571428572,0.3626794258373206,2.6334,0.5233082706766917,5.4613571428571435
F_router_cv,fold=3_25B_75G,0,453,13710,0.35714544372690954,3.8488791666666664,0.8180000185966492,0.5988304018974304,0.5988304018974304,32,0.21916961669921875,0.35,4.42961875,0.38299595141700404,3.240146153846154,0.3454754700247687,3.776336842105263,0.44629616771310826,3.8438,0.26917293233082706,2.951014285714286,0.20574162679425836,2.9117090909090915,0.5067669172932331,5.486357142857143
F_router_cv,fold=3_bench_only,2,606,42777,0.483682849001059,3.6281958333333333,0.7879999876022339,0.6469298005104065,0.6469298005104065,11,0.1410701870918274,0.44473684210526315,4.371575,0.4898785425101214,2.9318923076923076,0.5122403276702654,3.47861052631579,0.5211623291752387,3.620355555555556,0.45488721804511284,2.949985714285714,0.4354066985645933,2.5416454545454545,0.5263157894736842,5.165164285714286
F_router_cv,fold=3_25B_75G,1,453,13709,0.2623744176875908,4.0461583333333335,0.7670000195503235,0.6147660613059998,0.6147660613059998,19,0.15223395824432373,0.2717105263157895,4.46483125,0.23400809716599189,3.4816999999999996,0.27392096656809645,4.0798,0.2507922159712445,4.529277777777778,0.2887218045112782,3.0076571428571426,0.1511961722488038,2.6991545454545456,0.33082706766917286,5.8324428571428575
F_router_cv,fold=3_25B_75G,2,453,13708,0.3635189981788239,3.947175,0.8385000228881836,0.6191520690917969,0.6191520690917969,26,0.21934795379638672,0.43486842105263157,4.429562499999999,0.3360323886639676,3.1982307692307694,0.32224190121630863,4.053389473684211,0.5656685750823826,3.612055555555555,0.36390977443609024,3.252392857142858,0.23253588516746415,2.7134181818181817,0.3360902255639098,5.826771428571429
F_router_cv,fold=3_25B_75G,3,453,13710,0.37883221510547394,3.888510416666667,0.8374999761581421,0.6298245787620544,0.6298245787620544,29,0.20767539739608765,0.3598684210526316,4.23034375,0.4129554655870446,3.274669230769231,0.37145423871521405,4.020647368421053,0.37131567354498396,3.9776111111111114,0.4007518796992482,3.0917357142857145,0.32057416267942584,2.4585727272727276,0.4075187969924812,5.7515285714285715
F_router_cv,fold=3_bench_only,4,606,42777,0.44707047098034575,3.7132062500000003,0.7319999933242798,0.6160818934440613,0.6160818934440613,5,0.1159180998802185,0.4111842105263158,4.3157125,0.4566801619433199,3.0734769230769228,0.4707154280722306,3.643542105263158,0.5142004066320189,3.542577777777778,0.4045112781954887,2.9901142857142853,0.3569377990430622,2.677163636363636,0.5172932330827067,5.360021428571429
F_router_cv,fold=3_25B_75G,4,453,13710,0.3468094567474096,3.8214583333333336,0.8309999704360962,0.6190058588981628,0.6190058588981628,27,0.21199411153793335,0.35855263157894735,4.47099375,0.2850202429149798,3.194184615384615,0.37919729793251394,3.7036684210526314,0.3268434184423248,4.1709555555555555,0.38345864661654133,3.080507142857143,0.15885167464114833,2.675718181818182,0.4706766917293233,5.237957142857143
F_router_cv,fold=3_bench_only,3,606,42777,0.5053968516491253,3.5802625,0.7584999799728394,0.6554093360900879,0.6554093360900879,12,0.10309064388275146,0.4796052631578948,4.2844,0.5093117408906883,2.9683307692307688,0.5244374756343554,3.4059947368421057,0.5165025070409491,3.885511111111111,0.4533834586466165,2.9374571428571428,0.46698564593301434,2.4056545454545453,0.5804511278195489,4.949742857142857
F_router_cv,fold=3_50B_50G,0,504,23399,0.313251610670047,3.9368541666666665,0.699999988079071,0.621052622795105,0.621052622795105,5,0.07894736528396606,0.3967105263157895,4.129049999999999,0.22186234817813766,3.665223076923077,0.3054999139365175,3.960857894736842,0.3314939703572095,4.0716777777777775,0.23157894736842108,3.257921428571428,0.20191387559808616,2.7423363636363636,0.4706766917293233,5.467664285714284
F_router_cv,fold=3_50B_50G,1,504,23399,0.3612900936224896,3.8875354166666667,0.7684999704360962,0.6381579041481018,0.6381579041481018,19,0.13034206628799438,0.3973684210526316,4.4677500000000006,0.3700404858299595,3.569546153846154,0.3249212337498905,3.6165052631578947,0.3947167566298859,3.8965888888888887,0.34511278195488726,2.9223785714285713,0.27081339712918656,2.6347545454545456,0.4270676691729324,5.8312
F_router_cv,fold=3_50B_50G,2,504,23398,0.4766821074140813,3.5494062500000005,0.8410000205039978,0.6102339029312134,0.6102339029312134,48,0.23076611757278442,0.4421052631578948,4.21268125,0.5206477732793522,2.7588692307692306,0.4757176785641056,3.531752631578948,0.6089712395417668,3.483388888888889,0.49323308270676697,2.785235714285714,0.3923444976076555,2.3795727272727274,0.44135338345864666,5.2751714285714275
F_router_cv,fold=3_50B_50G,3,504,23399,0.4407067661365491,3.610204166666667,0.7524999976158142,0.6254385709762573,0.6254385709762573,12,0.12706142663955688,0.3953947368421053,4.29210625,0.4469635627530364,2.8928769230769222,0.4745832983837472,3.5267736842105264,0.5141787761200743,3.7827666666666664,0.40225563909774437,2.935521428571428,0.3712918660287082,2.5113909090909092,0.48646616541353394,5.037307142857144
F_router_cv,fold=3_50B_50G,4,504,23398,0.4325927310488297,3.9123666666666668,0.8159999847412109,0.648245632648468,0.648245632648468,29,0.16775435209274292,0.4263157894736842,4.6598125,0.43643724696356273,3.1921461538461533,0.4352481183283455,3.7757210526315785,0.5890325772896648,3.782755555555555,0.3992481203007519,3.1310000000000002,0.32822966507177037,2.5995909090909093,0.4473684210526316,5.808521428571429
F_router_cv,fold=3_75B_25G,0,555,33088,0.5154949999442014,3.7147729166666665,0.8399999737739563,0.6207602620124817,0.6207602620124817,49,0.2192397117614746,0.4980263157894737,4.22088125,0.465587044534413,3.5433230769230772,0.5643530192496169,3.4058842105263154,0.5317628067199516,3.6327111111111114,0.45037593984962404,3.0741,0.5138755980861244,2.5090636363636367,0.5714285714285714,5.355542857142857
F_router_cv,fold=3_75B_25G,1,555,33087,0.39772662755104937,3.8939062500000006,0.7354999780654907,0.6540935635566711,0.6540935635566711,13,0.08140641450881958,0.4164473684210527,4.5075375,0.42834008097166,2.9338692307692305,0.36101574605694464,4.034031578947369,0.4346589726699241,4.080144444444445,0.412781954887218,2.9252642857142854,0.2842105263157895,2.4759636363636366,0.4481203007518798,5.856921428571427
F_router_cv,fold=3_75B_25G,2,555,33088,0.4797453301881241,3.6983312500000003,0.7559999823570251,0.6346490979194641,0.6346490979194641,8,0.12135088443756104,0.4532894736842105,4.17469375,0.4817813765182187,3.212884615384615,0.5006308618603024,3.629331578947368,0.5422674919974806,3.7874777777777777,0.45939849624060153,2.9036642857142856,0.43062200956937796,2.4620727272727274,0.4984962406015037,5.407035714285713
F_router_cv,fold=4_gen_only,0,402,4020,0.2205162634335248,3.8020625,0.7379999756813049,0.6207602620124817,0.6207602620124817,28,0.11723971366882324,0.1727088527603374,3.8799761904761905,0.26421052631578945,3.98717,0.25386996904024767,3.596929411764706,0.22105263157894736,4.1957249999999995,0.3157894736842105,3.1349374999999995,0.0556277376689955,2.9927375,0.313157894736842,5.6394416666666665
F_router_cv,fold=4_gen_only,1,402,4020,0.2132713098862824,3.794,0.7975000143051147,0.6283625960350037,0.6283625960350037,46,0.16913741827011108,0.16767778099320682,3.8357571428571435,0.2652631578947368,3.87913,0.23900928792569662,3.6923411764705882,0.2131578947368421,4.08625,0.32960526315789473,3.1549375,0.042445508606215515,3.04296875,0.28596491228070176,5.550041666666666
F_router_cv,fold=3_75B_25G,3,555,33088,0.5161505771261924,3.5398083333333332,0.8044999837875366,0.6451754570007324,0.6451754570007324,30,0.1593245267868042,0.4815789473684211,4.2392062500000005,0.48987854251012153,2.879723076923076,0.563239131133206,3.402478947368421,0.6288264698192247,3.4433,0.4413533834586466,2.8325928571428567,0.5186602870813398,2.3614909090909095,0.5165413533834587,5.234885714285714
F_router_cv,fold=3_75B_25G,4,555,33087,0.4545295082747869,3.5614604166666664,0.7730000019073486,0.648245632648468,0.648245632648468,11,0.12475436925888062,0.4355263157894737,4.15966875,0.4412955465587045,2.869061538461538,0.4795870125944755,3.531452631578947,0.5621690733719629,3.6675,0.4195488721804511,2.87395,0.31004784688995213,2.552109090909091,0.5338345864661654,4.973864285714285
F_router_cv,fold=4_gen_only,2,402,4020,0.21919120374043569,3.8565770833333333,0.7885000109672546,0.6352339386940002,0.6352339386940002,44,0.1532660722732544,0.1255698692011964,4.07102380952381,0.2557894736842105,3.83721,0.31331269349845203,3.603064705882353,0.21842105263157896,4.316875,0.3236842105263158,3.00955625,0.1220472954318334,3.12366875,0.20964912280701756,5.809716666666667
F_router_cv,fold=4_gen_only,3,402,4020,0.24529522702177234,3.834589583333333,0.7804999947547913,0.6311403512954712,0.6311403512954712,38,0.14935964345932007,0.21029886477156992,3.873938095238095,0.3063157894736842,3.9264199999999994,0.2526315789473684,3.7319647058823526,0.21052631578947367,4.177949999999999,0.35526315789473684,3.21384375,0.08851726001268549,3.1553000000000004,0.3192982456140351,5.453516666666666
F_router_cv,fold=4_gen_only,4,402,4020,0.247279919617842,3.7663020833333327,0.7975000143051147,0.621345043182373,0.621345043182373,49,0.1761549711227417,0.2088202673971727,3.9389666666666665,0.2778947368421053,3.7988,0.27678018575851393,3.533894117647059,0.30000000000000004,4.336925,0.330921052631579,3.1932375,0.1457871272745786,2.9264875,0.2535087719298246,5.459933333333333
F_router_cv,fold=4_bench_only,0,606,42777,0.3801827679019265,3.512922916666667,0.7124999761581421,0.6384502649307251,0.6384502649307251,6,0.07404971122741699,0.35219720382595743,3.8265476190476186,0.47368421052631576,3.06776,0.35975232198142415,3.387364705882353,0.33947368421052637,4.253500000000001,0.39539473684210524,2.95340625,0.32475883002156913,2.68135,0.4473684210526316,5.12085
F_router_cv,fold=4_bench_only,1,606,42777,0.3429003279814022,3.5221708333333335,0.6790000200271606,0.6274853944778442,0.6274853944778442,5,0.051514625549316406,0.3346493712256611,3.6091428571428574,0.38105263157894737,3.6293699999999993,0.3306501547987616,3.351676470588235,0.2421052631578947,3.991775,0.3736842105263158,2.88409375,0.24449045762841703,2.823175,0.4666666666666666,5.1484
F_router_cv,fold=4_bench_only,2,606,42777,0.4455388595933243,3.3853145833333333,0.7879999876022339,0.6469298005104065,0.6469298005104065,11,0.1410701870918274,0.4374221552609316,3.5643333333333325,0.4694736842105264,3.2618099999999997,0.4414860681114551,3.2368235294117644,0.35789473684210527,3.8199,0.49407894736842106,2.814325,0.36819552614839385,2.7089625,0.5131578947368421,4.903574999999999
F_router_cv,fold=4_25B_75G,0,453,13710,0.2419825777890496,3.7307437500000002,0.8180000185966492,0.5988304018974304,0.5988304018974304,32,0.21916961669921875,0.15510804747772736,4.088680952380951,0.41263157894736846,3.1281,0.24891640866873063,3.6430823529411764,0.33421052631578946,4.126125,0.36644736842105263,3.09045,-0.008920687685482856,3.2409749999999997,0.3798245614035088,5.1057
F_router_cv,fold=4_25B_75G,1,453,13709,0.30449764189558254,3.587889583333333,0.7670000195503235,0.6147660613059998,0.6147660613059998,19,0.15223395824432373,0.2789520035307551,3.7078333333333324,0.40315789473684216,3.5253500000000004,0.27801857585139317,3.4765117647058825,0.2947368421052632,4.251825,0.3605263157894737,2.94865625,0.15165082042358974,2.8901125,0.43684210526315786,5.149258333333333
F_router_cv,fold=4_25B_75G,2,453,13708,0.29027801925343866,3.7624104166666665,0.8385000228881836,0.6191520690917969,0.6191520690917969,26,0.21934795379638672,0.22489612420836105,4.1781476190476186,0.32,3.6453699999999998,0.35356037151702785,3.3176999999999994,0.22368421052631582,4.330325,0.3631578947368421,3.0651562500000002,0.20504458407610543,2.8431999999999995,0.32894736842105265,5.728391666666666
F_router_cv,fold=4_25B_75G,3,453,13710,0.23474399751764796,3.81251875,0.8374999761581421,0.6298245787620544,0.6298245787620544,29,0.20767539739608765,0.15811159332354632,4.146057142857142,0.2168421052631579,4.07762,0.339938080495356,3.244558823529412,0.11578947368421053,4.477925,0.3486842105263158,2.8980375,0.11081093992136504,3.1314937499999997,0.28771929824561404,5.718058333333333
F_router_cv,fold=4_25B_75G,4,453,13710,0.29791348002874624,3.6913416666666663,0.8309999704360962,0.6190058588981628,0.6190058588981628,27,0.21199411153793335,0.1671606360556806,4.206666666666665,0.40631578947368424,3.3289300000000006,0.3956656346749226,3.267947058823529,0.22631578947368422,3.95375,0.40328947368421053,3.0365,0.20229307166518606,3.0229375000000003,0.3087719298245614,5.368199999999999
F_router_cv,fold=4_bench_only,3,606,42777,0.44180905125174724,3.456825,0.7584999799728394,0.6554093360900879,0.6554093360900879,12,0.10309064388275146,0.45295702942755256,3.627599999999999,0.46526315789473693,3.1681500000000002,0.41424148606811145,3.4156764705882354,0.3973684210526316,3.8199,0.4421052631578947,3.05253125,0.3991113642815576,2.6586937500000003,0.5131578947368421,4.939033333333334
F_router_cv,fold=4_bench_only,4,606,42777,0.3815031924853132,3.4817541666666667,0.7319999933242798,0.6160818934440613,0.6160818934440613,5,0.1159180998802185,0.3356664449789615,3.6069761904761912,0.4084210526315789,3.5299099999999997,0.4222910216718266,3.298741176470588,0.2894736842105263,4.397824999999999,0.4006578947368421,2.97549375,0.30569378798225544,2.82925,0.48771929824561405,4.721416666666666
F_router_cv,fold=4_50B_50G,0,504,23399,0.26107137476558834,3.6696270833333333,0.699999988079071,0.621052622795105,0.621052622795105,5,0.07894736528396606,0.15813807966470317,3.91167619047619,0.38,3.19868,0.3182662538699691,3.6476529411764704,0.18157894736842106,4.441174999999999,0.30723684210526314,3.1409937500000003,0.1042667558757124,3.0323562500000003,0.4350877192982457,4.966983333333333
F_router_cv,fold=4_50B_50G,1,504,23399,0.3523139296588471,3.677835416666667,0.7684999704360962,0.6381579041481018,0.6381579041481018,19,0.13034206628799438,0.2834844707991692,3.8865428571428566,0.4652631578947369,3.6346499999999997,0.3708978328173375,3.4454235294117646,0.43947368421052635,4.177325000000001,0.325,2.99543125,0.30562599950285707,2.9272875000000003,0.42192982456140343,5.421941666666666
F_router_cv,fold=4_50B_50G,2,504,23398,0.40387393109279596,3.556808333333333,0.8410000205039978,0.6102339029312134,0.6102339029312134,48,0.23076611757278442,0.3837920429990726,3.70345238095238,0.41684210526315796,3.18241,0.42105263157894735,3.5958941176470582,0.3394736842105263,4.191325,0.4815789473684211,2.85193125,0.3714902143310196,2.847425,0.36491228070175447,5.230983333333333
F_router_cv,fold=4_50B_50G,3,504,23399,0.23694045630606522,3.7841729166666664,0.7524999976158142,0.6254385709762573,0.6254385709762573,12,0.12706142663955688,0.18418470213316157,4.15814761904762,0.30105263157894735,3.51751,0.2643962848297214,3.4790647058823527,0.22894736842105262,4.1077,0.3072368421052632,2.94691875,0.138452947865564,3.05865625,0.2771929824561404,5.760025
F_router_cv,fold=4_50B_50G,4,504,23398,0.3737976256757561,3.59885,0.8159999847412109,0.648245632648468,0.648245632648468,29,0.16775435209274292,0.29349231733405895,4.049761904761904,0.4242105263157894,3.08373,0.443343653250774,3.3448529411764705,0.4210526315789474,3.968025,0.4855263157894737,2.83505625,0.2759981401851629,2.9857687499999996,0.3394736842105263,5.311624999999999
F_router_cv,fold=4_75B_25G,0,555,33088,0.4419779426793471,3.437977083333333,0.8399999737739563,0.6207602620124817,0.6207602620124817,49,0.2192397117614746,0.34807990908161557,3.833209523809523,0.5242105263157895,3.13012,0.5095975232198143,3.130841176470588,0.3421052631578947,4.12745,0.493421052631579,2.708425,0.37001277540646244,2.85029375,0.5026315789473684,4.964466666666666
F_router_cv,fold=4_75B_25G,1,555,33087,0.40825699906151264,3.4509291666666666,0.7354999780654907,0.6540935635566711,0.6540935635566711,13,0.08140641450881958,0.35621649910801906,3.531780952380952,0.4800000000000001,3.1508000000000003,0.4303405572755418,3.5276,0.4131578947368421,3.7353250000000005,0.4513157894736842,2.8286687500000003,0.32871836560559065,2.788025,0.45526315789473687,5.069683333333334
F_router_cv,fold=4_75B_25G,2,555,33088,0.3606687003745542,3.6759729166666664,0.7559999823570251,0.6346490979194641,0.6346490979194641,8,0.12135088443756104,0.33215502441502126,3.9049476190476184,0.38526315789473686,3.3615699999999995,0.3814241486068112,3.578064705882353,0.2789473684210526,4.3292,0.4440789473684211,2.9069562500000004,0.2846376800710312,2.98234375,0.3780701754385965,5.408425
F_router_cv,fold=4_75B_25G,3,555,33088,0.37535820649841783,3.61636875,0.8044999837875366,0.6451754570007324,0.6451754570007324,30,0.1593245267868042,0.34668341936480457,4.056090476190476,0.4852631578947369,3.2291,0.3461300309597523,3.3009882352941173,0.2868421052631579,4.3001000000000005,0.42171052631578954,2.79556875,0.3260746194952533,2.8737312500000005,0.4087719298245614,5.473041666666667
F_router_cv,fold=4_75B_25G,4,555,33087,0.398827753888822,3.4794354166666666,0.7730000019073486,0.648245632648468,0.648245632648468,11,0.12475436925888062,0.3411802294401144,3.7949714285714284,0.4336842105263158,3.1868500000000006,0.44953560371517026,3.261764705882353,0.38947368421052636,3.8199,0.455921052631579,2.9398,0.36950957745593965,2.6699,0.36491228070175435,5.164841666666667
