id,pdb,dataset,affinity_type,net_charge,length,y,poc_n,poc_f_hyd,poc_f_arom,poc_net,poc_eis,bsa_hyd,sasa_hb,sasa_sb,arom_cc,hb_count,strength_bur,mean_burial,mj_contact,rg_per_L,org_density,cys_frac,net_dewet,polar_desolv,seq
cr_1NRL,1NRL,cr65,Kd,1,15,-8.1798,40.0,0.475,0.1,0.025,0.03874999999999999,4.484555151943287,3.300143305613399,0.8722833064621889,0.0,6.0,1.1371141647460334,40.55366094581999,-238.95999999999998,0.44872493743896485,0.8666666666666667,0.0,421.5108055295007,38.75656187717936,SLTERHKILHRLLQE
cr_3KMR,3KMR,cr65,Kd,1,10,-7.9807581999999995,30.0,0.4666666666666667,0.03333333333333333,-0.03333333333333333,-0.020666666666666663,3.7160218118925457,2.5424782425158985,0.765571572160643,0.0,4.0,1.1778411087664047,49.80822867325494,-204.36,0.4933359146118164,0.7,0.0,444.96151878305227,39.05587020574628,HKILHRLLQE
cr_1Q8W,1Q8W,cr65,Ki,1,20,-7.9016868,66.0,0.3484848484848485,0.21212121212121213,0.030303030303030304,-0.12515151515151518,2.5997360305742836,5.34010595894134,3.904842211788316,3.0,5.0,1.0089242741548219,47.98094455408009,-314.13999999999993,0.5540186882019043,0.3,0.0,-2.1484717556185844,291.43581090798045,TTYADFIASGRTGRRNAIHD
cr_5L11,5L11,cr65,Ki,0,11,-8.7619291,33.0,0.5454545454545454,0.12121212121212122,-0.030303030303030304,-0.08060606060606061,3.9519677352203404,4.176733986931072,0.9735083120260932,0.0,5.0,1.1449758564168917,55.774498224561405,-234.24,0.5101185711947355,0.6363636363636364,0.0,29.165030234672578,77.54539030994546,NALLRYLLDKD
cr_5LCP,5LCP,cr65,Ki,1,20,-8.6392321,62.0,0.3387096774193548,0.1935483870967742,0.0,-0.12709677419354837,2.6522579305392338,5.369877827209759,3.8987614707117326,3.0,5.0,1.0204042922171632,48.380207679469194,-308.70000000000005,0.513134765625,0.35,0.0,-24.302604272659675,105.39483897974006,TTYADFIASGRTGRRNAIHD
cr_2GNI,2GNI,cr65,Ki,1,20,-7.9016868,71.0,0.38028169014084506,0.2112676056338028,0.028169014084507043,-0.10352112676056337,2.8744695647677725,5.876908890350578,4.271683598337579,3.0,6.0,1.0585849747256713,53.4491850189552,-353.4699999999999,0.5498778343200683,0.3,0.0,2.9810396760723963,350.61250198041506,TTYADFIASGRTGRRNAIHD
cr_6I2A,6I2A,cr65,Ki,1,18,-7.9016868,58.0,0.3793103448275862,0.1896551724137931,-0.034482758620689655,-0.0763793103448276,2.951130583036963,5.676743445400458,4.008115410098653,2.0,5.0,1.037256774797289,50.88500522685629,-283.09,0.5092766020033095,0.3888888888888889,0.0,-7.714199610445677,101.6408386357725,TTYADFIASGRTGRRDAI
cr_1YDS,1YDS,cr65,Ki,1,20,-8.0720993,66.0,0.3484848484848485,0.21212121212121213,0.030303030303030304,-0.14090909090909093,2.6986270841239826,5.831190800427359,4.44768730551635,3.0,6.0,1.0560381955455012,51.25971108097768,-348.8199999999999,0.5460205078125,0.3,0.0,76.11422532447178,283.2155503582054,TTYADFIASGRTGRRNAIHD
cr_4C36,4C36,cr65,Ki,1,20,-8.752386,75.0,0.3333333333333333,0.2,0.013333333333333334,-0.14453333333333337,2.786114156341151,7.499835925993201,4.196494102067328,3.0,8.0,1.0457016693635472,54.73791596262166,-359.0299999999999,0.5461276531219482,0.3,0.0,-11.766299956632519,386.0102841074025,TTYADFIASGRTGRRNAIHD
cr_6VC2,6VC2,cr65,Ki,-1,12,-8.0720993,35.0,0.5428571428571428,0.14285714285714285,0.0,-0.0802857142857143,3.6675377381334004,4.747891490644377,1.073273482315728,0.0,6.0,1.140033860967519,50.055980115344305,-241.06000000000003,0.511725107828776,0.5833333333333334,0.0,248.02366842317372,190.74791673799598,NALLRYLLDKDD
cr_2Q7I,2Q7I,cr65,Kd,0,10,-12.8122934,36.0,0.5277777777777778,0.16666666666666666,0.027777777777777776,-0.11083333333333334,4.901607734228933,3.6021869560719564,0.0,1.0,4.0,1.26995676462384,53.318091384069135,-197.03000000000006,0.4929788589477539,0.6,0.0,612.687013709005,63.101735986932205,GAFQNLFQSV
cr_1T7R,1T7R,cr65,Kd,0,10,-13.0904066,39.0,0.48717948717948717,0.1282051282051282,0.05128205128205128,-0.12384615384615387,3.452803345747819,4.330651795100283,0.9316777545161332,1.0,4.0,1.1756682976629134,54.89616992263507,-189.58,0.4804829597473145,0.7,0.0,509.5915717375545,141.19927388635648,SSRFESLFAG
cr_1YDT,1YDT,cr65,Kd,1,20,-10.4128854,71.0,0.352112676056338,0.2112676056338028,0.028169014084507043,-0.13338028169014088,2.785663149299802,6.005441624569134,4.63836313003333,3.0,6.0,1.0644963382396477,51.188607414448995,-319.32999999999987,0.5465369701385498,0.3,0.0,19.543401791825225,333.56708857824634,TTYADFIASGRTGRRNAIHD
cr_1T7M,1T7M,cr65,Kd,1,12,-13.0904066,39.0,0.5128205128205128,0.15384615384615385,0.05128205128205128,-0.11846153846153847,3.023683277761204,4.109016077637001,0.6765015142371837,2.0,5.0,1.2423453937091138,52.77669883712042,-212.56,0.48387893040974933,0.7083333333333334,0.0,540.9184952780602,89.20111050820144,SNTPRFKEYFMQ
cr_2QPY,2QPY,cr65,Kd,-1,10,-13.0904066,31.0,0.5161290322580645,0.16129032258064516,0.03225806451612903,-0.1416129032258065,3.828827104968701,0.0,0.6732590136275606,0.0,0.0,1.2149924301848876,48.881098185609325,-219.56,0.5934269428253174,0.4,0.0,309.8095116752355,126.26503713677832,LLRYLLDKDD
cr_6ONJ,6ONJ,cr65,Kd,1,14,-9.9779927,41.0,0.43902439024390244,0.0975609756097561,-0.07317073170731707,-0.06048780487804879,4.253818491889969,4.6872774763223095,1.0824137576457882,0.0,8.0,0.9966851546128254,51.84602579983882,-277.33,0.45833100591387066,0.42857142857142855,0.0,280.17767998910773,200.67960787738178,NTKNHPMLMNLLKD
cr_2Q7K,2Q7K,cr65,Kd,0,10,-12.8122934,35.0,0.5142857142857142,0.14285714285714285,0.02857142857142857,-0.12457142857142856,4.8576089751331715,3.6562024948481304,0.0,1.0,4.0,1.2726287442250732,53.76250485075714,-195.42000000000007,0.49519858360290525,0.7,0.0,622.8715506672072,42.65235919239057,GAFQNLFQSV
cr_1T5Z,1T5Z,cr65,Kd,1,11,-13.0904066,38.0,0.5263157894736842,0.15789473684210525,0.05263157894736842,-0.11605263157894737,3.388916043208123,2.9853594916348865,0.7583036860521224,1.0,4.0,1.2559170870896954,54.61009032665359,-203.32000000000008,0.4931129108775746,0.5454545454545454,0.0,471.1075371968478,118.76395414701328,SEKFKLLFQSY
cr_1T76,1T76,cr65,Kd,-2,9,-13.0904066,32.0,0.5,0.15625,-0.03125,-0.10375000000000001,3.7115457963434175,2.7180313196444392,0.8997552775807703,1.0,3.0,1.5327590131487936,53.323053564572064,-157.67000000000002,0.5009629991319444,0.9444444444444444,0.0,511.4984246493829,86.411723203269,SRWAEVWDD
cr_4PP3,4PP3,cr65,Kd,2,11,-10.6664592,34.0,0.5588235294117647,0.11764705882352941,-0.14705882352941177,-0.0017647058823529215,3.848818566987966,5.012745344260857,1.1639267772728903,0.0,7.0,1.1527434822200295,53.20564761405158,-248.39000000000001,0.5068377581509677,0.5454545454545454,0.0,532.7124978064519,82.95832360735282,KHKILHRLLQD
cr_4K6I,4K6I,cr65,Kd,2,11,-10.5587585,33.0,0.5757575757575758,0.12121212121212122,-0.12121212121212122,0.02000000000000003,3.704864634078881,4.801082675508249,1.0962180414293674,0.0,7.0,1.1493593951203926,51.250263226590874,-231.06,0.5089624144814231,0.5454545454545454,0.0,496.819504715883,74.27885708772108,KHKILHRLLQD
cr_7BQ3,7BQ3,cr65,Kd,2,11,-10.2179335,35.0,0.42857142857142855,0.11428571428571428,-0.08571428571428572,-0.11857142857142858,3.6701764246350037,4.646541826683977,2.179729597212026,0.0,7.0,1.1344522411845375,58.761089266212394,-232.44000000000005,0.5095721158114347,0.7727272727272727,0.0,409.26351623747064,138.7801250780987,RHKILHRLLQE
cr_4K4J,4K4J,cr65,Kd,2,11,-10.2765554,34.0,0.5588235294117647,0.11764705882352941,-0.14705882352941177,-0.0017647058823529215,3.941343748511843,5.0965815088234345,1.155237760311592,0.0,7.0,1.149624761879432,53.73785854231094,-234.97000000000003,0.5090318159623579,0.5454545454545454,0.0,558.2596071093975,80.79528794227112,KHKILHRLLQD
cr_2Q7J,2Q7J,cr65,Kd,-2,13,-12.8122934,36.0,0.5277777777777778,0.1388888888888889,0.05555555555555555,-0.1122222222222222,3.9598282513670346,3.203200416500044,0.0,0.0,4.0,1.1110548302632304,46.12932440157344,-249.14000000000004,0.5074400901794434,0.7692307692307693,0.0,322.19141009559246,118.68578323713395,ENALLRYLLDKDD
cr_4RMD,4RMD,cr65,Kd,2,11,-10.1647648,34.0,0.5588235294117647,0.11764705882352941,-0.14705882352941177,-0.0017647058823529215,3.875515570030759,5.019817446315205,1.1443018762844455,0.0,7.0,1.1432301116556813,55.7183094119553,-256.55,0.5091181668368253,0.5454545454545454,0.0,557.5168843406065,81.64779509433855,KHKILHRLLQD
cr_6GGG,6GGG,cr65,Ki,0,12,-12.542359999999999,34.0,0.5294117647058824,0.11764705882352941,0.0,-0.007352941176470595,4.08196118435911,2.044311748533862,0.31480819273750454,0.0,3.0,1.0433984138081933,43.54998782118437,-217.21000000000004,0.5095861355463663,0.5,0.0,457.33940619512714,37.88879806590862,QQKSLLQQLLTE
cr_4LSJ,4LSJ,cr65,Ki,-1,10,-13.049507599999998,37.0,0.4864864864864865,0.13513513513513514,0.05405405405405406,-0.12432432432432432,4.263762386620817,4.435491391507702,1.2275165081564383,0.0,6.0,1.14342278083783,64.29628512443671,-231.02,0.48699202537536623,0.7,0.0,505.80040956390087,155.26118209053817,SSRLWELLME
cr_1X7J,1X7J,cr65,Ki,1,10,-10.388346,30.0,0.5666666666666667,0.16666666666666666,-0.06666666666666667,0.001000000000000012,3.3974684637208434,3.1497303838722392,0.7799286505875486,0.0,4.0,1.1145239543888878,46.94957665050687,-194.53000000000006,0.4672680854797363,0.7,0.0,453.5685288663585,29.96580883602391,HKLVQLLTTT
cr_6GEV,6GEV,cr65,Ki,0,10,-11.8593467,32.0,0.5625,0.125,-0.0625,0.0609375,4.141415071346059,3.1402663988351525,0.2585118576948247,0.0,4.0,1.0512691339515043,51.958295729622876,-217.05000000000004,0.4825281620025635,0.6,0.0,589.3253579051186,33.44851310666636,KSLLQQLLTE
cr_4OH5,4OH5,cr65,Ki,0,9,-10.3188177,34.0,0.5,0.14705882352941177,0.029411764705882353,-0.1441176470588235,4.2315831787338025,3.3889668113454054,0.0,1.0,3.0,1.3198152831465997,53.743178052004936,-185.35000000000005,0.5121343930562338,0.5555555555555556,0.0,743.1833877096902,25.807424081949687,GAFQNLFQS
cr_6GG8,6GG8,cr65,Ki,0,10,-12.40603,31.0,0.5483870967741935,0.0967741935483871,-0.06451612903225806,0.05096774193548387,3.9060000771767216,3.0846339451520297,0.2170151886520881,0.0,5.0,1.0342535396117771,49.43291767857531,-211.01000000000005,0.47992358207702634,0.6,0.0,576.2220262744078,29.40352406961029,KSLLQQLLTE
cr_6D94,6D94,cr65,Ki,1,15,-14.0474432,41.0,0.43902439024390244,0.12195121951219512,-0.07317073170731707,-0.04439024390243902,4.285359076822361,4.515622361694637,0.735103903951305,0.0,9.0,0.9918738787812738,45.69080749485671,-308.6299999999999,0.45771697362263997,0.5333333333333333,0.0,228.01362388336202,176.09103088817082,GNTKNHPMLMNLLKD
cr_4OKT,4OKT,cr65,Ki,1,11,-10.085693399999998,38.0,0.5,0.13157894736842105,0.05263157894736842,-0.13657894736842105,2.609847058034303,4.766740795238502,0.0,1.0,5.0,1.1842187964075588,53.45985158281213,-186.79000000000008,0.49099943854592065,0.5454545454545454,0.0,289.67591303730717,201.1700645912807,DSAFSRLYTRS
cr_7KCO,7KCO,cr65,Ki,1,13,-11.4203641,29.0,0.6551724137931034,0.06896551724137931,0.034482758620689655,0.06620689655172414,3.375417750549003,2.0009513610653102,0.4455199356205904,0.0,4.0,1.1417269584504717,41.304181244241676,-179.48000000000002,0.5495089751023513,0.5384615384615384,0.0,401.6420824097291,79.82999787756995,EKHKILHRLLQDS
cr_3AMA,3AMA,cr65,Kd,1,20,-6.8165,70.0,0.35714285714285715,0.2,0.04285714285714286,-0.11957142857142856,2.549805567557425,7.725285159946822,4.09534776198347,3.0,8.0,1.0532421759945918,53.048555929080294,-346.43,0.5417984008789063,0.3,0.0,22.062698976132516,334.7914388636628,TTYADFIASGRTGRRNAIHD
cr_3IPQ,3IPQ,cr65,Kd,1,15,-7.0305381,36.0,0.4722222222222222,0.05555555555555555,-0.08333333333333333,-0.07444444444444444,4.822478178116256,6.414767271227715,1.2469624640273345,0.0,9.0,1.0959447848621522,47.18729635893478,-277.0899999999999,0.4453203519185384,0.6,0.0,411.8794146541223,116.73970978041714,SLTERHKILHRLLQE
cr_6YW4,6YW4,cr65,Kd,0,12,-7.529505899999999,48.0,0.5,0.125,0.08333333333333333,-0.04750000000000001,4.217076686160292,6.175868753460369,2.46386717485477,2.0,7.0,1.260988613086153,68.39887987046555,-274.8799999999999,0.5573800404866537,0.08333333333333333,0.0,-62.6737628934795,198.83384425198005,VWLTDTWVLSRT
cr_3HQR,3HQR,cr65,Kd,-5,17,-7.4558877,78.0,0.32051282051282054,0.14102564102564102,0.05128205128205128,-0.272948717948718,8.241917935546658,9.260172203065242,1.3118019204684805,1.0,10.0,1.0520765663211853,76.49984126049395,-561.79,0.6279519586002126,0.17647058823529413,0.0,667.5639448139087,292.4055738797729,DLEMLAPYIPMDDDFQL
cr_5YCP,5YCP,cr65,Kd,2,11,-7.472247299999999,37.0,0.4594594594594595,0.10810810810810811,-0.08108108108108109,-0.06648648648648646,3.8388441359765237,3.295505435210757,1.1644540621838686,0.0,4.0,1.1297134973895626,54.15509631862751,-234.15000000000003,0.49367068030617456,0.6363636363636364,0.0,455.3191742897081,91.18748565999228,RHKILHRLLQE
cr_4POH,4POH,cr65,Kd,2,11,-7.6794689,34.0,0.5588235294117647,0.11764705882352941,-0.14705882352941177,-0.0017647058823529215,3.9115231227254386,3.83239331528535,1.0718441833220507,0.0,6.0,1.1495108013276858,54.390529556882186,-251.11,0.5085033069957386,0.6363636363636364,0.0,546.2183816958201,83.39505639408158,KHKILHRLLQD
cr_5EI3,5EI3,cr65,Kd,2,14,-5.7912984000000005,37.0,0.40540540540540543,0.13513513513513514,-0.13513513513513514,-0.16405405405405402,2.424251440165591,4.707211258700455,2.1229993453920324,3.0,6.0,1.2091133113817092,47.30251986453212,-275.82000000000005,0.5590692247663226,0.5714285714285714,0.0,128.36395888522617,165.95228919535916,KKRYDREFLLGFQF
cr_3OAP,3OAP,cr65,Kd,2,11,-9.025046,34.0,0.5588235294117647,0.11764705882352941,-0.14705882352941177,-0.0017647058823529215,3.8620775959505886,3.9203569042762143,1.9404426529289909,0.0,6.0,1.1457785649665386,54.4963669573883,-255.96,0.5091736966913397,0.5454545454545454,0.0,551.7210697241419,102.15471706983453,KHKILHRLLQD
cr_4UDD,4UDD,cr65,Ki,-2,13,-12.9636197,36.0,0.5,0.1111111111111111,0.027777777777777776,-0.09,3.909250745927244,5.574609514250017,0.6982102964646075,0.0,8.0,1.1313784494751526,49.287069674622145,-254.17,0.5138166134174054,0.5769230769230769,0.0,286.4821057077873,161.4550679648648,ENALLRYLLDKDD
cr_4OHA,4OHA,cr65,Ki,2,9,-10.0434311,34.0,0.5294117647058824,0.14705882352941177,0.029411764705882353,-0.10794117647058822,2.791918814255337,3.831949848066369,0.0,1.0,4.0,1.2276833253489787,54.85935660029396,-161.15000000000003,0.5068162812127007,0.6666666666666666,0.0,474.12124088123085,141.36660656044648,SAFSRLYTR
cr_5NI5,5NI5,cr65,Ki,2,12,-10.085693399999998,31.0,0.4838709677419355,0.0967741935483871,0.0,-0.053225806451612914,3.5305712099407236,2.567455663403824,0.9517791722782745,0.0,6.0,1.1497440164097914,42.19158514892072,-203.16000000000003,0.5136932929356893,0.5833333333333334,0.0,342.95060067231316,55.26480356684925,KHKILHRLLQDS
cr_5O0E,5O0E,cr65,Ki,2,18,-8.6392321,59.0,0.3728813559322034,0.2033898305084746,0.0,-0.10813559322033899,2.9915775831422833,5.865218395768038,4.128601771549129,2.0,5.0,1.0183526251965713,50.7820154420912,-278.2299999999999,0.5086985694037544,0.3888888888888889,0.0,-31.939558821817904,126.805464237398,TTYADFIASGRTGRRSAI
cr_5UNJ,5UNJ,cr65,Ki,2,9,-8.7619291,32.0,0.5,0.125,-0.0625,-0.11124999999999999,4.601704011022295,3.9163145541769877,0.0,0.0,5.0,1.1657171506822739,58.55571960992265,-211.51000000000002,0.5060781372918023,0.6666666666666666,0.0,72.17573013481339,47.51364416603165,SLLKKLLLA
cr_6YNA,6YNA,cr65,Ki,2,13,-8.6392321,67.0,0.34328358208955223,0.19402985074626866,0.014925373134328358,-0.13686567164179106,2.475584812797836,8.554989707192671,4.341936772903096,1.0,10.0,1.0312650567400545,72.61221292204472,-312.1499999999999,0.7149135149442233,0.0,0.0,-246.03098479955008,641.854356226172,AGRTGRRQAIHDI
98_3IQQ_A_B,3IQQ_A_B,the98,Kd,1,9,-7.6,38.0,0.5526315789473685,0.15789473684210525,-0.05263157894736842,0.006315789473684198,3.713979148349182,4.025919569648783,0.5005656654597295,1.0,5.0,1.2966387449362906,67.7832725726899,-240.68000000000004,0.626653618282742,0.1111111111111111,0.0,462.49824865284273,243.69589590472182,TKIDWNKIL
98_2AK4_Q_S,2AK4_Q_S,the98,Kd,-1,13,-6.8,84.0,0.42857142857142855,0.21428571428571427,0.05952380952380952,-0.16642857142857143,4.104794154101694,7.891720329884995,1.3940211701241094,1.0,5.0,0.9871882871796613,84.96879667879219,-393.38000000000005,0.6236869371854342,0.0,0.0,381.56298348844274,535.0268324858538,LPEPLPQGQLTAY
98_2AST_B_D,2AST_B_D,the98,Kd,1,9,-7.0,16.0,0.4375,0.125,0.125,-0.25187500000000007,0.6092522049033222,1.497380448073157,0.8881282431698346,0.0,2.0,0.678622856788866,23.43444371314336,-42.47000000000001,0.9104334513346354,0.0,0.0,-124.11058930398784,176.44114533238422,AGSVEQPKK
98_1OSV_B_D,1OSV_B_D,the98,Kd,-1,12,-4.8,34.0,0.5,0.11764705882352941,-0.058823529411764705,-0.07294117647058822,3.6322703446679077,5.292267922295477,0.8362577838575315,0.0,8.0,1.1313503794138065,47.379664664134005,-209.09,0.5063068072001139,0.5833333333333334,0.0,234.63623942720622,145.76664862536748,ENALLRYLLDKD
98_1ZHL_A_C,1ZHL_A_C,the98,Kd,-1,13,-6.8,82.0,0.4024390243902439,0.1951219512195122,0.06097560975609756,-0.18695121951219515,4.273606881360106,8.100846979383919,1.5127244892481135,1.0,5.0,0.9883418510697297,87.08553607699626,-394.66,0.6156963935265174,0.0,0.0,464.09680709966136,553.4693066312037,LPEPLPQGQLTAY
98_1N5Z_A_P,1N5Z_A_P,the98,Kd,0,10,-5.9,33.0,0.30303030303030304,0.21212121212121213,-0.09090909090909091,-0.18696969696969698,2.3022803620270285,4.373136306537014,1.099664494234062,2.0,6.0,1.0953117253723919,53.61671861534876,-148.10999999999999,0.8401264190673828,0.15,0.0,441.5488117100059,154.77800137050488,MPPTLPHRDW
98_1QSE_E_C,1QSE_E_C,the98,Kd,1,9,-7.0,14.0,0.21428571428571427,0.07142857142857142,0.07142857142857142,-0.23857142857142857,0.0,1.8666145972511003,0.0,0.0,2.0,1.2179214034152843,27.401829826602157,-64.71000000000001,0.8294593493143717,0.0,0.0,-165.21711861584114,268.9389642823806,LLFGYPRYV
98_3EYS_H_Q,3EYS_H_Q,the98,Kd,0,4,-7.5,28.0,0.39285714285714285,0.2857142857142857,0.0,-0.09857142857142855,1.0264839836339286,2.631879047313928,2.631879047313928,2.0,3.0,1.2166373939641757,91.45907577369641,-103.14999999999996,0.9506487846374512,0.25,0.0,-109.49818247201824,768.5612813758025,FRHD
98_2J8U_E_C,2J8U_E_C,the98,Kd,0,9,-6.1,10.0,0.5,0.3,0.1,0.047,1.0258708704116544,0.582511973545615,0.0,2.0,1.0,1.160632384951623,17.870920488414104,-102.75000000000001,0.8227589395311143,0.1111111111111111,0.0,52.87109287531943,56.620532045632984,ALWGFFPVL
98_1LJ2_A_C,1LJ2_A_C,the98,Kd,0,22,-6.2,12.0,0.4166666666666667,0.5,0.0,0.10833333333333335,1.7269083489370802,1.4510161953729477,0.0,0.0,3.0,1.0773190831346928,19.1041757229269,-165.64999999999995,0.3876629742709073,0.5681818181818182,0.0,75.32270493955072,49.22767788747522,KTIRIRDPNQGGKDITEEIMSG
98_3GSN_H_P,3GSN_H_P,the98,Kd,0,9,-6.2,77.0,0.42857142857142855,0.2727272727272727,0.15584415584415584,-0.13,6.1422881439224435,8.302358031299423,0.0,0.0,6.0,0.7609972519597644,102.75981739031342,-382.07,0.8197772237989638,0.0,0.0,617.1781946334435,667.4698654072408,NLVPMVATV
98_3O0E_C_N,3O0E_C_N,the98,Kd,0,13,-7.8,88.0,0.22727272727272727,0.20454545454545456,-0.011363636363636364,-0.20579545454545453,0.8059429227148641,7.117761459321505,3.328779173978283,2.0,8.0,0.8585009618991274,71.57170003558569,-268.8500000000001,0.6443337660569411,0.0,0.0,-95.06180299670694,260.87844650680313,SGGDGRGHNTGAH
98_1G6R_C_Q,1G6R_C_Q,the98,Kd,1,8,-5.8,16.0,0.4375,0.3125,0.0,0.11250000000000002,0.0,1.2733880334648582,0.0,1.0,1.0,1.1484231217989578,17.107957485353495,-23.740000000000002,0.8987197279930115,0.125,0.0,-186.10033043647445,246.3307877114653,SIYRYYGL
98_1AQC_B_D,1AQC_B_D,the98,Kd,0,10,-7.3,46.0,0.4782608695652174,0.10869565217391304,0.06521739130434782,-0.09130434782608694,0.9647408809121609,2.3884637989566646,0.511934837945659,4.0,2.0,1.0484477668545502,65.80360996989553,-234.8299999999999,0.672062349319458,0.3,0.0,91.91476001818823,392.70644307863006,GYENPTYKFF
98_3KXF_G_R,3KXF_G_R,the98,Kd,-1,13,-6.2,14.0,0.35714285714285715,0.2857142857142857,0.07142857142857142,-0.10357142857142855,0.4813740529300681,1.711451838745125,0.0,0.0,2.0,0.7106281404451864,18.550140875485997,-77.21999999999998,0.6162963280310998,0.0,0.0,-123.6140353986443,210.56326695351828,LPEPLPQGQLTAY
98_2L0I_A_B,2L0I_A_B,the98,Kd,0,8,-6.6,32.0,0.40625,0.0625,0.03125,-0.13,0.0,0.0,0.0,0.0,0.0,0.0,0.0,-136.95000000000002,0.712581217288971,0.0,0.0,-162.7679008690443,279.00211666288624,PSYPTSPS
98_2O9K_A_B,2O9K_A_B,the98,Kd,1,5,-5.6,54.0,0.5,0.12962962962962962,-0.09259259259259259,0.02407407407407407,0.8198084047233357,3.1174756520978337,2.297667247374498,0.0,2.0,0.8745272990421215,116.48098664014438,-167.33999999999995,0.8601422309875488,0.0,0.0,-141.43731613163035,1060.6839141812147,ARTQT
98_2AK4_P_M,2AK4_P_M,the98,Kd,-1,13,-6.8,20.0,0.25,0.25,0.1,-0.1725,0.2030160004602797,1.7404551477867722,0.0,0.0,3.0,0.6958356615170006,16.737489279915465,-77.06999999999998,0.6234719936664288,0.0,0.0,-60.26993549491973,145.08259405218462,LPEPLPQGQLTAY
98_1FO0_B_P,1FO0_B_P,the98,Kd,-1,8,-7.6,10.0,0.3,0.1,0.1,-0.389,0.279021933829345,1.6736051977110349,0.0,0.0,3.0,0.8998722248017262,25.36132822258252,-53.08,0.8967320322990417,0.125,0.0,-208.36062239582867,263.91152033366484,INFDFNTI
98_2VLR_D_C,2VLR_D_C,the98,Kd,0,9,-7.3,7.0,0.14285714285714285,0.0,0.0,-0.18285714285714283,0.4105935934535714,0.0,0.0,0.0,0.0,1.0795337781091923,10.123040910326857,-44.839999999999996,0.8556199073791504,0.0,0.0,39.79988228416238,28.229840552752894,GILGFVFTL
98_1OW8_A_D,1OW8_A_D,the98,Kd,-2,12,-7.4,34.0,0.5,0.058823529411764705,-0.029411764705882353,-0.07676470588235296,4.166563897529166,1.163229218040087,0.1285750828875264,0.0,1.0,1.1911661919678338,40.16142828591057,-209.97,0.48125306765238446,0.7916666666666666,0.0,390.3654396549943,28.882822680196636,LSELDRLLLELN
98_3C3R_A_B,3C3R_A_B,the98,Kd,-3,13,-6.0,37.0,0.5135135135135135,0.05405405405405406,0.16216216216216217,-0.16054054054054054,3.9819465716127813,2.6583796379840203,0.837210817404925,1.0,3.0,1.3726304929998383,41.173241595727845,-208.21,0.4795992557819073,0.7692307692307693,0.0,287.5840526802482,103.03722796958633,EDDDIKQLAAWAT
98_3IVV_A_D,3IVV_A_D,the98,Kd,-2,10,-7.4,33.0,0.42424242424242425,0.21212121212121213,0.06060606060606061,-0.2021212121212121,1.003514166115354,3.077950269613371,0.0,0.0,5.0,0.6830415265135574,43.44282662969385,-153.79000000000008,0.7911327362060547,0.0,0.0,80.6929910595657,304.78193550037565,DEVTSTTSSS
98_1OX9_E_M,1OX9_E_M,the98,Kd,-2,8,-7.1,39.0,0.41025641025641024,0.1282051282051282,0.10256410256410256,-0.14846153846153845,1.6856318427075072,5.347106307019479,1.7033222766035778,0.0,6.0,0.9620281928594193,79.6242281503183,-198.3800000000001,0.7350409626960754,0.0,0.0,53.97379486378918,612.3350733362347,AANDENYA
98_1CKA_A_B,1CKA_A_B,the98,Kd,2,9,-7.8,26.0,0.4230769230769231,0.23076923076923078,-0.2692307692307692,-0.036153846153846134,0.9404093714738143,3.838586022724105,2.2999882560269693,0.0,5.0,0.8637528006708514,60.716012759817545,-124.73000000000002,0.8588513798183866,0.0,0.0,586.4957713390961,36.37202631171411,PPPALPPKK
98_1RLQ_C_R,1RLQ_C_R,the98,Kd,2,9,-7.0,24.0,0.2916666666666667,0.2916666666666667,-0.125,-0.08541666666666665,1.8653475301020541,1.2642551722934596,1.2106822210903234,0.0,2.0,0.9517648599404123,50.416668462298034,-81.97999999999999,0.7990064091152616,0.0,0.0,22.102517336566603,35.863637033349384,RALPPLPRY
98_2W3O_B_D,2W3O_B_D,the98,Kd,-2,6,-6.8,25.0,0.24,0.0,0.04,-0.3288,0.17551851960935097,4.5372816324218395,1.3475890590225827,0.0,5.0,1.0316160846195648,83.53675193313573,-88.62,1.2604986031850178,0.0,0.0,-139.2048480321116,646.2074273995365,YAGDEN
98_1JWS_A_C,1JWS_A_C,the98,Kd,3,13,-6.6,41.0,0.5609756097560976,0.21951219512195122,-0.024390243902439025,-0.01097560975609756,1.6438112126303317,5.301577592301419,0.6523234401840381,1.0,8.0,1.0680042858931036,53.37422371830884,-228.34000000000006,0.9050836563110352,0.0,0.0,228.15434919022357,216.2528343124656,PKYVKQNTLKLAT
98_1AZG_B_A,1AZG_B_A,the98,Kd,2,14,-6.5,21.0,0.2857142857142857,0.3333333333333333,-0.14285714285714285,-0.18285714285714286,1.5165839986549015,1.998037345383546,0.0,0.0,2.0,0.8808891878886562,28.30428492906955,-87.58999999999999,0.7091128485543388,0.14285714285714285,0.0,35.294055713544935,7.576745955872094,PPRPLPVAPGSSKT
98_3JZH_A_B,3JZH_A_B,the98,Kd,-2,4,-4.6,28.0,0.42857142857142855,0.17857142857142858,-0.03571428571428571,-0.18107142857142858,0.5028032334113228,1.7327945625965528,0.0,1.0,2.0,1.1356937631959836,67.18346469343496,-78.44,1.071110725402832,0.0,0.0,-662.8923296405771,850.6785172347842,DFTD
98_3MV7_A_C,3MV7_A_C,the98,Kd,-3,11,-7.7,83.0,0.42168674698795183,0.21686746987951808,0.012048192771084338,-0.1566265060240964,2.124454656772881,9.876118513594834,0.9279656486366514,4.0,7.0,1.0179679835175632,96.43138185188187,-387.11000000000024,0.7158299792896617,0.0,0.0,191.15593413027355,752.7701932798354,HPVGEADYFEY
98_2V85_B_E,2V85_B_E,the98,Kd,2,8,-6.1,34.0,0.38235294117647056,0.23529411764705882,0.0,-0.03794117647058822,1.4244302790463848,2.7302250973700826,0.0,0.0,2.0,0.7066743752146465,59.474266498493805,-129.49,0.9516637665884835,0.0,0.0,185.53613495340858,337.6687896458851,ATQTARKA
98_2PNX_A_B,2PNX_A_B,the98,Kd,2,7,-7.0,27.0,0.4074074074074074,0.25925925925925924,0.037037037037037035,-0.0862962962962963,1.163228966712675,3.1916509165957994,1.200393505149818,0.0,3.0,0.8354847819891332,66.62448604937018,-109.29,1.120122023991176,0.0,0.0,-164.97983342458377,603.8664307968048,ARTQTAR
98_1VYJ_A_B,1VYJ_A_B,the98,Kd,3,16,-9.6,50.0,0.42,0.14,-0.08,-0.02519999999999999,3.9617595768667564,4.13223018540032,0.0,1.0,7.0,1.0787584169981248,52.80174125756035,-316.52,0.6960599422454834,0.28125,0.0,332.69642601943406,223.03898364943495,SAVLQKKITDYFHPKK
98_1UKH_A_B,1UKH_A_B,the98,Kd,2,10,-8.7,42.0,0.40476190476190477,0.11904761904761904,-0.047619047619047616,-0.18404761904761907,2.503865932520276,3.04148592934686,1.2941194033858971,0.0,3.0,0.9892975869259321,62.13077651185781,-219.95,0.8339108467102051,0.0,0.0,275.81271273901996,287.90813850841295,PKRPTTLNLF
98_3AA6_B_C,3AA6_B_C,the98,Kd,5,23,-9.0,80.0,0.4125,0.075,-0.1,-0.16762499999999997,4.499512777221853,6.719839417004334,4.802350622303238,0.0,8.0,1.0082103716314306,58.602734469766986,-445.5799999999999,0.5491586353467859,0.21739130434782608,0.0,101.7724726124535,304.6738907200157,NLLHLTANRPKMPGRRLPGRFNG
98_1QWF_A_B,1QWF_A_B,the98,Kd,2,12,-8.7,33.0,0.2727272727272727,0.21212121212121213,-0.12121212121212122,-0.1590909090909091,4.239108801103623,3.9769919030069514,1.2192455743454793,0.0,5.0,0.9753829183151652,61.08963993064805,-234.2999999999999,0.7509330113728842,0.0,0.0,-7.642176504467064,105.66133337304025,VSLARRPLPPLP
98_2G9H_D_C,2G9H_D_C,the98,Kd,3,13,-9.6,16.0,0.25,0.25,0.25,-0.323125,0.5796615436991597,0.7995280418436462,0.7995280418436462,1.0,1.0,0.8926747864638336,11.186090132516899,-36.22,0.8970850431002103,0.0,0.0,63.72732104204836,22.943227078354866,PKYVKQNTLKLAT
98_1CMX_C_D,1CMX_C_D,the98,Kd,4,16,-7.9,65.0,0.4461538461538462,0.13846153846153847,-0.1076923076923077,-0.007846153846153843,3.7456031739824533,7.958443359617528,3.536102549294047,0.0,7.0,0.998000569884151,68.04202505194736,-429.27999999999986,0.5043473243713379,0.1875,0.0,130.44113080429463,553.0009627107955,KTLTGQQRLLVLRLRG
98_1QWE_A_B,1QWE_A_B,the98,Kd,3,12,-8.1,26.0,0.2692307692307692,0.2692307692307692,-0.19230769230769232,-0.1396153846153846,1.8103525684001969,4.023250221202881,1.368914441282563,0.0,6.0,0.850318478065461,49.17968101571277,-113.50000000000001,0.723717451095581,0.0,0.0,-15.736505684404392,75.21219532437027,APPLPPRNRPRL
98_1T29_A_B,1T29_A_B,the98,Kd,2,11,-8.3,48.0,0.375,0.16666666666666666,-0.0625,-0.15916666666666668,3.0614512533152483,6.04121757905339,0.8847850859315901,1.0,6.0,0.8754810212648647,67.72531202876017,-234.82999999999998,0.7088251980868253,0.0,0.0,319.62911860328313,271.6695697231706,ISRSTPTFNKQ
98_2Z34_B_C,2Z34_B_C,the98,Kd,4,21,-8.3,16.0,0.3125,0.0625,-0.1875,-0.14812499999999998,0.012076282160399217,1.7879861879985244,1.1282684440175847,0.0,3.0,0.9452345785148242,12.253654088026442,-48.639999999999986,0.5037035260881696,0.23809523809523808,0.0,-32.095554156232936,70.45212654188171,VQKVTITKEGKKRVAPQLLTT
98_2R7G_A_E,2R7G_A_E,the98,Kd,-2,9,-8.3,38.0,0.5,0.10526315789473684,0.10526315789473684,-0.0318421052631579,1.4579699222161095,2.731364867184805,1.2733949449686957,1.0,2.0,1.0026320942046094,54.50690899993643,-193.7499999999999,0.7462331983778212,0.0,0.0,150.214634186709,267.3563667373154,PPTLHELYD
98_3D9T_A_C,3D9T_A_C,the98,Kd,0,5,-10.0,30.0,0.4,0.2,-0.06666666666666667,-0.20099999999999998,2.966891827716318,3.526476332412328,0.0,1.0,3.0,1.0620035115602577,84.99383140233013,-131.00000000000003,0.9640203714370728,0.0,0.0,858.1688343863647,476.5018699809513,ATPFQ
98_3D9U_A_B,3D9U_A_B,the98,Kd,0,6,-9.7,29.0,0.3793103448275862,0.20689655172413793,-0.06896551724137931,-0.2093103448275862,3.204741053537365,3.204741053537365,0.0,0.0,3.0,0.8422187242181607,69.96297936892056,-134.49000000000004,0.8828909397125244,0.0,0.0,712.7704725733819,323.17326541952616,AVPIAQ
98_3LK4_D_F,3LK4_D_F,the98,Kd,1,29,-12.0,38.0,0.3684210526315789,0.18421052631578946,-0.05263157894736842,-0.26184210526315793,4.388633154778642,3.9273063585533676,0.8370997306886939,1.0,8.0,1.0087204474225717,22.09211632975305,-214.04000000000005,0.5903217052591259,0.06896551724137931,0.0,152.35779812163423,56.02053267366723,VNFDDIASSENLLHLTANRPKMPGRRLPG
98_3KJ0_A_B,3KJ0_A_B,the98,Kd,0,24,-11.9,58.0,0.4482758620689655,0.1896551724137931,0.034482758620689655,-0.05206896551724137,3.9007238351468705,3.970590593815997,3.0922146082251425,2.0,7.0,1.1341812024300728,44.9730596546234,-450.21000000000004,0.44877465565999347,1.0208333333333333,0.0,83.45153099641936,243.11126575770803,GRPEIWYAQELRRIGDEFNAYYAR
98_2HFG_H_R,2HFG_H_R,the98,Kd,0,27,-12.6,35.0,0.45714285714285713,0.17142857142857143,0.08571428571428572,-0.025142857142857133,4.598454975899953,1.756505418990256,0.4488300433041191,1.0,4.0,0.953535754747698,23.955382606961614,-346.29000000000025,0.356250974867079,0.5185185185185185,0.14814814814814814,121.04068034801479,71.95638553200315,APAPTPCNPAECFDPLVRHCVACGLLR
98_1YWH_G_F,1YWH_G_F,the98,Kd,1,10,-10.6,14.0,0.5,0.0,-0.07142857142857142,-0.2528571428571428,0.021871768054292032,0.395257092100983,0.5143183014600845,0.0,1.0,0.7345218705945946,23.159121095420737,-62.220000000000006,0.6905207633972168,0.1,0.0,0.6163754520860494,63.99173410604946,KSDFYLWSSK
98_1OSG_B_H,1OSG_B_H,the98,Kd,0,12,-10.3,23.0,0.34782608695652173,0.21739130434782608,0.08695652173913043,-0.12086956521739131,2.8255768326362483,1.885813372612012,0.420592403224005,0.0,2.0,1.0630860564478453,29.764672974047045,-156.46000000000004,0.46856709321339923,0.6666666666666666,0.16666666666666666,312.1145765355513,59.029828527383124,CHWDLLVRHWVC
98_1G1E_B_A,1G1E_B_A,the98,Kd,-1,16,-10.3,48.0,0.3541666666666667,0.20833333333333334,0.020833333333333332,-0.17479166666666668,0.13591786456490876,0.0,0.0,0.0,0.0,1.2341993829002118,0.8494866535306798,-456.71000000000026,0.4746949374675751,0.75,0.0,81.12934162870826,34.952428381618255,RMNIQMLLEAADYLER
98_1H6E_A_P,1H6E_A_P,the98,Kd,1,10,-8.4,41.0,0.5121951219512195,0.1951219512195122,0.17073170731707318,-0.0926829268292683,1.8536440921577833,4.8558099735160205,0.0,1.0,5.0,0.9272035577396692,62.579598261357354,-220.7299999999999,0.8017908096313476,0.0,0.0,270.95725814246487,373.63120393731685,TTGVYVKMPP
98_1T2V_E_J,1T2V_E_J,the98,Kd,-1,11,-8.7,30.0,0.3333333333333333,0.06666666666666667,-0.1,-0.22999999999999998,2.4861215888942696,2.1167091229173085,0.0,1.0,2.0,1.0634102851536529,37.3196245864838,-168.04999999999995,0.8445642644708807,0.0,0.0,184.48426747233253,104.68779807758925,AAYDIQVFPFA
98_2NWN_A_B,2NWN_A_B,the98,Kd,1,12,-8.6,64.0,0.359375,0.1875,0.0,-0.09234375,1.4168819115457518,8.033760781540632,4.473864814797946,1.0,9.0,0.9764165778202083,67.34104593374148,-309.22,0.486385981241862,0.3333333333333333,0.16666666666666666,-268.7530015449758,755.2259012397221,CSWRGLENHRMC
98_2QIY_A_C,2QIY_A_C,the98,Kd,-1,25,-9.5,50.0,0.4,0.16,0.02,-0.155,5.04019117732856,5.94813068076305,1.6168848733238266,1.0,7.0,1.0307582281810859,38.6958255920712,-371.9,0.4123833084106445,0.64,0.0,65.63237029948029,274.1942096941522,LPLFINTTEAEFAAASVQRYELNMK
98_2C7U_A_C,2C7U_A_C,the98,Kd,0,9,-9.6,72.0,0.4444444444444444,0.2916666666666667,0.1388888888888889,-0.09972222222222221,7.1452929950367965,7.2576206403659,0.0,1.0,5.0,1.0024202889554406,106.31150237879561,-394.54999999999984,0.8221827083163791,0.0,0.0,864.0391236617414,489.30956378032505,SLFNTIAVL
98_2VPE_A_P,2VPE_A_P,the98,Kd,1,6,-8.2,31.0,0.4838709677419355,0.16129032258064516,-0.0967741935483871,-0.0658064516129032,1.2413631406089884,3.9718095317655906,1.0899368667414864,0.0,4.0,0.8193163258318245,68.11875976150823,-152.61999999999995,0.7554131348927816,0.0,0.0,124.61520378424628,518.6480926263492,ARTQTA
98_2V7D_B_Q,2V7D_B_Q,the98,Kd,1,7,-9.0,43.0,0.4186046511627907,0.18604651162790697,-0.023255813953488372,-0.1320930232558139,1.2789527993640148,2.8720499101059773,0.9836169518756961,0.0,3.0,0.6731332403869851,62.70263308276841,-134.91,1.1378285090128581,0.0,0.0,-121.60274345428896,438.6914093230556,KSATTVM
98_2NMB_A_B,2NMB_A_B,the98,Kd,0,6,-8.6,36.0,0.5,0.1388888888888889,0.1388888888888889,-0.1708333333333333,0.0,0.0,0.0,0.0,0.0,0.0,0.0,-176.1,0.6435494422912598,0.16666666666666666,0.0,-49.97509038769967,152.22094601241258,AYIGPL
98_3BIM_D_L,3BIM_D_L,the98,Kd,-1,16,-8.0,31.0,0.5161290322580645,0.16129032258064516,0.03225806451612903,0.002903225806451612,1.9828079095085922,1.7428133528962626,0.0,1.0,2.0,0.9188322234612122,21.623096073195402,-135.07999999999998,0.7915122509002686,0.0,0.0,67.7150771482938,74.18123823639641,SEIISTAPSSWVVPGP
98_3DXC_A_B,3DXC_A_B,the98,Kd,-1,28,-9.1,63.0,0.5238095238095238,0.1111111111111111,0.06349206349206349,-0.06904761904761904,3.568995024377132,5.810573784478911,0.0,3.0,7.0,1.011501964509984,40.448859928170364,-484.55999999999983,0.47231268882751465,0.6964285714285714,0.0,112.01142293496852,208.43811875460844,AVTPEERHLSKMQQNGYENPTYKFFEQM
98_1P06_A_P,1P06_A_P,the98,Kd,0,3,-8.6,31.0,0.41935483870967744,0.0967741935483871,0.0,-0.019677419354838705,1.2550131093614239,0.41801403530135084,0.0,0.0,1.0,0.6417990951859697,81.4131630574103,-87.01999999999998,0.970477819442749,0.0,0.0,749.0778463045486,276.19850911334026,AAP
98_1Q4K_C_F,1Q4K_C_F,the98,Kd,0,5,-8.9,35.0,0.37142857142857144,0.2571428571428571,0.14285714285714285,-0.20657142857142857,2.310163623304535,3.9470474984699955,0.0,0.0,4.0,0.6463043450239746,88.37099575273082,-138.74,1.1121744155883788,0.0,0.0,166.57723527124327,582.8245595013731,MQSPL
98_1T2V_D_I,1T2V_D_I,the98,Kd,-1,10,-8.7,29.0,0.3103448275862069,0.06896551724137931,-0.06896551724137931,-0.2586206896551724,2.333836529258983,2.3053001865493656,0.0,1.0,2.0,1.0924297377359573,39.4151201221437,-150.07999999999996,0.9795843124389648,0.0,0.0,152.77734469083046,137.77800408837345,GAAYDIQVFP
98_3DAB_G_H,3DAB_G_H,the98,Kd,-1,11,-9.1,39.0,0.41025641025641024,0.1794871794871795,0.02564102564102564,-0.09461538461538459,4.158802404382912,3.0072915782681275,0.9317023846025373,2.0,3.0,1.2960405721742518,52.76410533456951,-243.92999999999995,0.5653873356905851,0.6363636363636364,0.0,444.86680421989604,96.80934286564462,TFSDLWKLLPE
98_1VYT_B_F,1VYT_B_F,the98,Kd,-5,17,-10.5,42.0,0.4523809523809524,0.07142857142857142,-0.023809523809523808,-0.19690476190476194,4.834052433770612,3.656132625827514,0.2785793462563073,0.0,4.0,1.2903697016019233,46.64592050554703,-311.05000000000007,0.44957292079925537,0.7647058823529411,0.0,278.1672587431471,172.34910279362634,LEEDLKGYLDWITQAED
98_2R0L_A_B,2R0L_A_B,the98,Kd,3,10,-10.7,34.0,0.4411764705882353,0.14705882352941177,0.08823529411764706,-0.10852941176470587,1.1804249139250702,2.474904469492775,1.1956964471415825,0.0,3.0,0.9733821708870952,45.24753589237855,-168.91000000000003,0.8345417022705078,0.0,0.1,-1.6491200015601861,264.07012426709986,PGRQACGRRH
98_1OQP_A_B,1OQP_A_B,the98,Kd,4,19,-10.0,46.0,0.4782608695652174,0.08695652173913043,-0.08695652173913043,-0.14565217391304347,0.049637163926718714,0.049637163926718714,0.0,1.0,1.0,2.163597836401728,0.2612482311932564,-355.02999999999986,0.4484762392546001,0.8421052631578947,0.0,65.61675458660045,38.11215323324919,KKRELIESKWHRLLFHDKK
98_1T01_A_B,1T01_A_B,the98,Kd,2,24,-10.1,85.0,0.49411764705882355,0.058823529411764705,-0.011764705882352941,0.00458823529411765,8.545955492030593,2.0120142910993675,0.0,0.0,3.0,0.9104154316866478,51.255208759826054,-610.5800000000005,0.4545188347498576,0.7916666666666666,0.0,466.9325913244872,89.7840162699142,GRPLLQAAKGLAGAVSELLRSAQP
